	.gitattributes	100644	fb60db5f9f89073d4f87da63867c7e07e8894ee32d3df4e4683345dba4e70cbc
	.github/agents/aidlc-architect-agent.md	100644	c6b42d4124109d5d0ac2bddb671bf5b76e3f66baf10519dbe7d1b189be0a1a00
	.github/agents/aidlc-architecture-reviewer-agent.md	100644	66e7bea3695bc010d0f84b0a54266d121533c8da536e9faee45d41f930d05e85
	.github/agents/aidlc-aws-platform-agent.md	100644	36694777baaa4a4cd9d3a9ad132c58a111d45f8ff97e914a59a1423f353ab6d6
	.github/agents/aidlc-compliance-agent.md	100644	dff27073f8dda17bc4239e5031722e738761cb93d4220eaa868c6d9ae7d00b99
	.github/agents/aidlc-composer-agent.md	100644	193347e501f60d217c629e68b0d493580259f6805258ca8a4993d63261588321
	.github/agents/aidlc-delivery-agent.md	100644	45ec2571b2228ec37d1ad2d90b8725d5065d465c01e732c1a19b88b5c931348f
	.github/agents/aidlc-design-agent.md	100644	36c13fc59d51430b20a585c32eb4d586d173b292b6bfeb52b0cb2022ad987776
	.github/agents/aidlc-developer-agent.md	100644	bf3e477e87a9c8a131745f55393267fdedf1ce04e175518fac67c7dc6c64a93c
	.github/agents/aidlc-devsecops-agent.md	100644	ec7aa88881b804148a8728275611658db28ae2fb4233107d1152f2b2f0dd9500
	.github/agents/aidlc-operations-agent.md	100644	ecb13a2086b55e5b31e237c4978cb3094dd26cc15a0933e8d05139617ffe15f5
	.github/agents/aidlc-pipeline-deploy-agent.md	100644	ab42a2a909bb266ba1f024c3a3e94e72ff1840db8c6a0d5cb973c07dffe84cf1
	.github/agents/aidlc-product-agent.md	100644	241684df8a246c59f5e4fe0b18d2a1c00ebf0e0e2a0e3d3ae502c571ba34acb1
	.github/agents/aidlc-product-lead-agent.md	100644	3fb4c70a2701eb8cea3b26db13133066bc0b494a090f3da29c1773a83a6b298e
	.github/agents/aidlc-quality-agent.md	100644	d49aebcfe2c0272f5857f0fe6e901d26561c077938f8a242425e6bdc6fdbdfe1
	.github/hooks/aidlc.json	100644	ebc23f200c46f0ec05c430fc4fa27d7f43fe6f0ee4325f0e55c6ff86d7182ba0
	.github/skills/aidlc-approval-handoff/SKILL.md	100644	e2ea6549d4d714c1b2e681e2065490ad8f295539f061ed60d3de0cecb42aa786
	.github/skills/aidlc-bugfix/SKILL.md	100644	df13363f6a049a708f8b79fdcdf01f65e2f672b943f85ec409dfd76e1ee034d5
	.github/skills/aidlc-build-and-test/SKILL.md	100644	75542c7467935c81734b65d84e327096c5355a0cc4337b84aa2061f76a9efc08
	.github/skills/aidlc-ci-pipeline/SKILL.md	100644	336544ce673ede68220fe18ebe93c950645a949c4d3ae8def49d054f4a386f30
	.github/skills/aidlc-code-generation/SKILL.md	100644	768f938e325e77687b7658f8ae81bbe1c08a310c7d415d9d2a974692c4a48614
	.github/skills/aidlc-compose/SKILL.md	100644	dd71b1ed0192f1a61910462bdfa4a04b422fd2b485b286d0a9e356dd860f9bdc
	.github/skills/aidlc-contract-design/SKILL.md	100644	8cb30fcae3c6484cc4cea5a0d63f170da848977ac79d34e9ce68b8838b07d7b4
	.github/skills/aidlc-delivery-planning/SKILL.md	100644	7618c3b9758fbea66d8659703756138e6e763030964de6de1fa9da4d44b2b061
	.github/skills/aidlc-deployment-execution/SKILL.md	100644	a5fd56f3eaed9dd632a8c6991b5460f16ee816977b9c00584ae92d0e9089ec73
	.github/skills/aidlc-deployment-pipeline/SKILL.md	100644	e5ab5a34e253e47311308ac073e448866789136d6c666a05ea899d19e768312a
	.github/skills/aidlc-domain-design/SKILL.md	100644	0576c4969b26850d695759f87b3ad1b9f096ea4a97cdeb13cc289351d95672c4
	.github/skills/aidlc-environment-provisioning/SKILL.md	100644	11d6f047143d2654fdb079293d4e6d5b9ff36fdf12cfc265ddf359b811277360
	.github/skills/aidlc-express/SKILL.md	100644	79ca05efbdfb2b16a9871ef9f4c12b392ea95e8ba3ef2962d648a7c4729d497f
	.github/skills/aidlc-feasibility/SKILL.md	100644	90e3d78dcf0a30f27f66ea5931a09db7425ae55a5b202f72e04578e5d7625cdb
	.github/skills/aidlc-feature/SKILL.md	100644	f7e5339ba39bf971e726bb0328443eb900294c9eded3e846323bdcad4a3c9386
	.github/skills/aidlc-feedback-optimization/SKILL.md	100644	15eddce93456788960eac208be3ca0cb3390d6906e0669b515353dd143ad3435
	.github/skills/aidlc-functional-design/SKILL.md	100644	217304e27ed37a83f0260ae9391bff7a1cd03bb1e4a4774fd8c9269578284d31
	.github/skills/aidlc-incident-response/SKILL.md	100644	57cd6e01610125c94f33e1acf3931bf94f51f73b2dec4bd8c587eca46bd2e875
	.github/skills/aidlc-infrastructure-design/SKILL.md	100644	4a90a75048475f09c1cbaf218b0536c6f80ed82d06f5f05b7d7458df89596ca9
	.github/skills/aidlc-init/SKILL.md	100644	3a845b633585b682946f0599e9af06a9fa68e09d52aad2bad1f6fc5472b57e80
	.github/skills/aidlc-intent-capture/SKILL.md	100644	d5adac932bf5d01996efa5b37be9223f2269a16209d125c28330b9261f7698e3
	.github/skills/aidlc-knowledge/SKILL.md	100644	2ab8ec5ced87460876d1149e8d65ee21892a3c9ab47896bd771d28a68b963a54
	.github/skills/aidlc-market-research/SKILL.md	100644	4e31a968bf75fbf5e088bed05e78147c6b4eb746696c4487e7a238f60bbe86e9
	.github/skills/aidlc-mvp/SKILL.md	100644	f7a636df94cb9efed1169b1ca98216e67143d6de24ef41f3bb4b267c3f544d77
	.github/skills/aidlc-nfr-design/SKILL.md	100644	ddde4f01152b30d5e4ab0740eccc5dc9920bfa95fa762f104569fd28b41b0057
	.github/skills/aidlc-nfr-requirements/SKILL.md	100644	7a88787db8ce0b4f5adddde17438775575e977ac9bdb567f3315784b4df89014
	.github/skills/aidlc-observability-setup/SKILL.md	100644	f026f79d9d4e4e2823f7e90fdd39edb5e7adb9ccb37486e61fc749d2c6c8cd27
	.github/skills/aidlc-outcomes-pack/SKILL.md	100644	5aee5be446e5f845f95628b2fd54b3823acfd0c4f73a872ba1bd34e510b7b664
	.github/skills/aidlc-performance-validation/SKILL.md	100644	c06831f8c1d76ef093dd34fdcac41d4dec67522a0ba84101b5bfcb44921542fa
	.github/skills/aidlc-practices-discovery/SKILL.md	100644	573114b705379ec1eadcf835f651935a391483a54dd2e158bd25aba648429975
	.github/skills/aidlc-refined-mockups/SKILL.md	100644	d9bef9a9403503a220004fc1ee7fbc4cac15c8135d802213e2e3a826cc45d725
	.github/skills/aidlc-replay/SKILL.md	100644	7184b462b717da165c5b1cef68b8157e42ed23b3866c1c4aac51e7ca475f96a7
	.github/skills/aidlc-requirements-analysis/SKILL.md	100644	f64d9e54740e802048797725f35af093a10fc3676cb91a7c8c87c9102b1e7de3
	.github/skills/aidlc-reverse-engineering/SKILL.md	100644	eada8ac30cbbd1998a14cff7454c2dabae09658d7d4b2641c396dbbdd9685e37
	.github/skills/aidlc-rough-mockups/SKILL.md	100644	603cc6cb5945c025c015476ef5d703067ea3e639e7b14c0353f4b07330e75c14
	.github/skills/aidlc-scope-definition/SKILL.md	100644	7c903c3481f557d26ea9c6b48235ca79215e2a1af3d442a97fecfffe314dc1a1
	.github/skills/aidlc-security-patch/SKILL.md	100644	388fac3fa1e37daf1d9ed83c9a83c6e440befc5a378034e32989caba499761bc
	.github/skills/aidlc-session-cost/SKILL.md	100644	8dcc5b4fa8f4723d9b090f1de2424dcbeca8126a58bf49b1d22907eeafef7a08
	.github/skills/aidlc-team-formation/SKILL.md	100644	6d61f10c793d5380bfebc1fe89d12aa9ace5a334dd9ad8620c670b8e7b4ba970
	.github/skills/aidlc-units-generation/SKILL.md	100644	6a5b1fb0d830acd4665360c90c3f738ce6d6e7b1192fb53598cef95e47c2745c
	.github/skills/aidlc-user-stories/SKILL.md	100644	e4b8a523b689ac4965fa6439c79c0707d79350a1a8a81f70640f965129b7d61d
	.github/skills/aidlc/SKILL.md	100644	333aa2e3ff0d2ced655ce93d10135622167afdbd3f7351f818ba38510eabb201
	.github/skills/aidlc/question-rendering.md	100644	aee5e8b26076d88c54f6d14cab8381eaea90a00d04d2f9e07391767564dc060b
	.github/skills/speckit-analyze/SKILL.md	100644	bc5c24e6bbadf90f58e52d351c9ea22d502257ffb584694a9a46cf592dd78033
	.github/skills/speckit-checklist/SKILL.md	100644	f846c702c2a83777ab6806decbfaecb9d7f48b15f48bebb2db1d5f06bc6775dc
	.github/skills/speckit-clarify/SKILL.md	100644	c0ab0a24043c37e03db3251a261d9250da95bb1ab5f69b51f6beedf009900c48
	.github/skills/speckit-constitution/SKILL.md	100644	9ba37cfc2ad0d64dcaf4816f85405376f9e671ef485220dbcbb8ed002aa93036
	.github/skills/speckit-converge/SKILL.md	100644	c73faaef7cd7cbf8b5f5b3a378f5b583b4b878fa6add039d0dc30f5617baa5ef
	.github/skills/speckit-implement/SKILL.md	100644	47bfb14d191d970e63b1acd362a9570baadea947daa1b3b747c3305aa0bd85cc
	.github/skills/speckit-plan/SKILL.md	100644	cef8c4f2cdecc92b2069ba9e0cc3f921d0f87915caa1d8bc023dbc665e02904f
	.github/skills/speckit-specify/SKILL.md	100644	342dd2173103ce701b2bae2f489b462da19fc7369d920c93df10754be2216be8
	.github/skills/speckit-tasks/SKILL.md	100644	2236ce1193fc122ee791c4f646aac11a341096670f1ea9aa5424b78148d9b44a
	.github/skills/speckit-taskstoissues/SKILL.md	100644	e9fc87913e298b884217e021ae08dd4045c8b360e8020359f6cec6582e5ae5c2
	.github/workflows/build.yml	100644	5e20fb661b50fd5255df45cc91afc80330d2dc86e03a51ba32eeea620d6aa713
	.github/workflows/feature-document-extraction.yml	100644	ec3064d3ac84d4a4c5317ded10ebadbd19267fa3d8bca42f2ee0a263aa514c2c
	.github/workflows/feature-local-data-privacy.yml	100644	706acca193df455f75f89f2b2c364daa78e9d2c9df22dc3371dfdb23dd2f70ea
	.github/workflows/feature-polyglot-automation.yml	100644	f50da1b26c2ae09a189c12814c8ba18fa5b271560104d21cb7fa25357fb37302
	.github/workflows/feature-project-discovery.yml	100644	c83c88c0e69f9e0603099268cad1ecfd6ae2cf5eac0f952ef56679b844bf60a3
	.github/workflows/feature-provider-api.yml	100644	256f5455485e57ea58cdcad42f2ab27a4f7aaad9be46e4f03f9acc9c5baa5b91
	.github/workflows/jarvis-feature-checks.yml	100644	8e28b14685e73bc3c88b34076fad791e5875ca9943f110bd080b6f576f6910e6
	.gitignore	100644	e451d351ba0a288f21f6a88516efd21fe5dd45c4ed66600097ed750870718594
	.mvn/maven.config	100644	8ba0d18f90f4fb5080b47c73326c777c4103e3253b9726978f7326a7c6f1f67f
	.mvn/settings.xml	100644	2990cca6297a6c103ea62a8942dd508f9a317a6f866e7bba632de53ba3a22512
	.specify/.gitignore	100644	8c908410d177a1ef3d0dee16d7ad55f2ac3333df3104c4d4adee1c9b82f1dbc1
	.specify/init-options.json	100644	50caa2281130506319bcf28db728e14086ece5caecafa7a4df9b587f4a28d28d
	.specify/integration.json	100644	d0498c0246f2dfe5335a13d3c544d37fcacda22877924c9ee40c93610ab31b58
	.specify/integrations/copilot.manifest.json	100644	9bbc47eae5bcd5f55c2c30cc58dd22309c29e89320f6fe8db91573ba49d121db
	.specify/integrations/speckit.manifest.json	100644	956f981d0ac47b05115ed63cab17b58706e6f3061da8085b8ea171b0638490ae
	.specify/memory/.constitution-template.json	100644	8fc4b39294bae0c10d59547ad7d415b6f0e890d656cbf7171dd567f4e9054711
	.specify/memory/constitution.md	100644	ce7549540fa45543cca797a150201d868e64495fdff39dc38246fb17bd4024b3
	.specify/scripts/powershell/check-prerequisites.ps1	100644	af4b8f5e8d373827726b79532cf57c567b1538c0494058d8095683c7fe107c49
	.specify/scripts/powershell/common.ps1	100644	9837a02a1ca9e61a16a1ff7ec7429c95d8e1c87ec49400cc2807133bb89a5317
	.specify/scripts/powershell/create-new-feature.ps1	100644	481c7368541a816b1679e5ed65fa9e5aea84b09f8be3a02ff8a340e3b48dd58a
	.specify/scripts/powershell/resolve-template.ps1	100644	e49c565a09902e4ebd4b5a51c4e014d5067fdee5b1592f15cb44ef31f430d745
	.specify/scripts/powershell/setup-plan.ps1	100644	3b8173f1553bbf67ae021af949a29e2d3e3bb35805be95e4ba8d0ab83173c66f
	.specify/scripts/powershell/setup-tasks.ps1	100644	57cd05e12bd472c60ac0554ad61b89770c278d50c48e484fb824196f44f75076
	.specify/templates/checklist-template.md	100644	856532b3cb66171c662cc16f16b31a5856e4655a8666aad1e545bbfc7f603ca1
	.specify/templates/constitution-template.md	100644	ce7549540fa45543cca797a150201d868e64495fdff39dc38246fb17bd4024b3
	.specify/templates/plan-template.md	100644	7e637502d41eccf0ca672496636365691fdca62ef37b27ec07fcb412dbfa90d4
	.specify/templates/spec-template.md	100644	3945437fc35cd30a5b2bf7beea680337c3516826d3efa5a6b92c4a7eca1ba28e
	.specify/templates/tasks-template.md	100644	fc29a233f6f5a27ca31f1aa46b596af6500c627441c6e62b2bc4a1d721525842
	.specify/workflows/speckit/workflow.yml	100644	177761c5e7df28126beea043b5cb45aeaf7958090c022dc11ac71399422fcfbc
	.specify/workflows/workflow-registry.json	100644	b386e5d0c20949b9d0a36c31997db989ed1b66182ee34b063af82777a137a599
	.vscode/settings.json	100644	4c877983b7fe645c5c8bc37cca10c11598f5fe06f9d6e6ce45a1b06261909e3c
	AGENTS.md	100644	c52bfc9b48fc2ea2120ee88b2cff9a76d375d10e57ebc5fe78a8ac1d5a604399
	README.md	100644	bfadf615b35f9a8fdada8958a2a4151a5168869e1cbf8d6df517117d334ecb93
	javafx-sdk-24.0.2/bin/api-ms-win-core-console-l1-1-0.dll	100644	22b0d0412c274a04d11d7fd3f6545eff245e6f032e21b86d920c2844dd1007c6
	javafx-sdk-24.0.2/bin/api-ms-win-core-console-l1-2-0.dll	100644	0c60ddcfddc6e11d77354d5695b822881f37fb537192e61e62f2ebd703fb2119
	javafx-sdk-24.0.2/bin/api-ms-win-core-datetime-l1-1-0.dll	100644	631a106755f13a78032d7c17cd19c5185fe89d93fda2ac108c4f53e27dcdecdb
	javafx-sdk-24.0.2/bin/api-ms-win-core-debug-l1-1-0.dll	100644	1ce185afeea0a30a12b496d95df395c18bd0e99570c0ac3126758476d4b6aea0
	javafx-sdk-24.0.2/bin/api-ms-win-core-errorhandling-l1-1-0.dll	100644	cdbc9ee30658188fd9af68ad52b5d8e7f59111191b0681ec2ed9095d9c85ebee
	javafx-sdk-24.0.2/bin/api-ms-win-core-file-l1-1-0.dll	100644	f36025fd0715ec893c112f06472072c565385b8c5fa675cce5b4a9158bfb87e9
	javafx-sdk-24.0.2/bin/api-ms-win-core-file-l1-2-0.dll	100644	3d95961590fe6da5c569bcb0a54651488e70dd7b15c257e1b9faf8a3cc0e63e4
	javafx-sdk-24.0.2/bin/api-ms-win-core-file-l2-1-0.dll	100644	c6515fb573cd8190ebc401aab4646069066205ee9eeca548ae5ddbec3633336b
	javafx-sdk-24.0.2/bin/api-ms-win-core-handle-l1-1-0.dll	100644	523b4c1528aab62c5f8622e4e2c4a4ba0df43114098a05f0c58c69c716c42626
	javafx-sdk-24.0.2/bin/api-ms-win-core-heap-l1-1-0.dll	100644	4fff338c18ab8a1a37d1190e3b9edcca55afa86b0ba0f97d87c4c841e4e29678
	javafx-sdk-24.0.2/bin/api-ms-win-core-interlocked-l1-1-0.dll	100644	841aa4632552c47b43d453968da2c8d0861b1eb776d530a4e985d0290516d6c8
	javafx-sdk-24.0.2/bin/api-ms-win-core-libraryloader-l1-1-0.dll	100644	e989c62edade6b3333d798e0481f4c2ec08f7d2a0c47acfcca2a869cd4b68a1f
	javafx-sdk-24.0.2/bin/api-ms-win-core-localization-l1-2-0.dll	100644	945dacfe53f62d83acd0537a6712658558faafb18f68b76b88127db78482fd8f
	javafx-sdk-24.0.2/bin/api-ms-win-core-memory-l1-1-0.dll	100644	a505bdf2e4dfd5120de230fd9d159ef75aa00fb3f98e24d259f5c0a456713c74
	javafx-sdk-24.0.2/bin/api-ms-win-core-namedpipe-l1-1-0.dll	100644	b26de5e517b05e10ee34fdf4996f82c465668670329e7f19d21f39a7e39011e7
	javafx-sdk-24.0.2/bin/api-ms-win-core-processenvironment-l1-1-0.dll	100644	32d11f07156248c7906027e0f17e93e51de848f136e6d3fd0d4f9d1ffb2c70da
	javafx-sdk-24.0.2/bin/api-ms-win-core-processthreads-l1-1-0.dll	100644	562e2619e1e685080faf2122c12ae3c35202ce34ce8330d1ff0a3b566095fd38
	javafx-sdk-24.0.2/bin/api-ms-win-core-processthreads-l1-1-1.dll	100644	73fabc60a9b24c1eb65ec886a59a190046af5853800572df1d48634417a15729
	javafx-sdk-24.0.2/bin/api-ms-win-core-profile-l1-1-0.dll	100644	2401cc9407ebb1fa60ddf520d422ec1eefec050dd9871554756c869c9b730558
	javafx-sdk-24.0.2/bin/api-ms-win-core-rtlsupport-l1-1-0.dll	100644	b5a61cd60ec9088ee27bf61d37c55abc9d6db3f722616d74fc191cf671a4902a
	javafx-sdk-24.0.2/bin/api-ms-win-core-string-l1-1-0.dll	100644	7e97fbf5cee26ab01227d564f023337736310868c1cf23920e4dceeeb1c11701
	javafx-sdk-24.0.2/bin/api-ms-win-core-synch-l1-1-0.dll	100644	4f47aad2664ed21dd80d30ffd954a34503ffe2493bebb39da058d452212e75af
	javafx-sdk-24.0.2/bin/api-ms-win-core-synch-l1-2-0.dll	100644	a885774d4a5419db2e9f7fbd0ac06f7244e046aa614cd6585ab22fc428f2c7ee
	javafx-sdk-24.0.2/bin/api-ms-win-core-sysinfo-l1-1-0.dll	100644	ac3b86a3e66c5ae2cb30d8a386b0574e6b59fe0f549120c16b7790c3489bc593
	javafx-sdk-24.0.2/bin/api-ms-win-core-timezone-l1-1-0.dll	100644	003751ed79881bce98017b66206a2ba411321edd61fd51768779f29dfa99968d
	javafx-sdk-24.0.2/bin/api-ms-win-core-util-l1-1-0.dll	100644	eb41c514f2660813fa6ac58a28bcd2adfb64552b945dfcad5123f51a1a71f863
	javafx-sdk-24.0.2/bin/api-ms-win-crt-conio-l1-1-0.dll	100644	e7fc8d3956ce856b1ce0b8d16c10fa4c886a33717a64b818aa6d2492d7492429
	javafx-sdk-24.0.2/bin/api-ms-win-crt-convert-l1-1-0.dll	100644	4d80b38c49c9e507190b133e97c7b06ac926c5e1d93095bef8e35c51e7be4e3c
	javafx-sdk-24.0.2/bin/api-ms-win-crt-environment-l1-1-0.dll	100644	65eb6a1276426e0bffc0a7686770cae2fb15a0f819cab4b96003a292c483ec5d
	javafx-sdk-24.0.2/bin/api-ms-win-crt-filesystem-l1-1-0.dll	100644	61424c4c6cf665ef1c6e092a105721813d495ff17d81c809b505acf9ac0c575a
	javafx-sdk-24.0.2/bin/api-ms-win-crt-heap-l1-1-0.dll	100644	42fed4693a9f2ee8ebb29b34ac92aaef9ff070f609e0cbff74258f65ea53d666
	javafx-sdk-24.0.2/bin/api-ms-win-crt-locale-l1-1-0.dll	100644	f2d099d580c733d3132ac3cd0179c7bfa0f1ed8f7bd063e411cd57e920510488
	javafx-sdk-24.0.2/bin/api-ms-win-crt-math-l1-1-0.dll	100644	8483828a6781dc3cc4a121e2a90f54abb6f6c42680a0634e02db8b736d16f877
	javafx-sdk-24.0.2/bin/api-ms-win-crt-multibyte-l1-1-0.dll	100644	63c233965965c6eab235c0e1e7530788fee44d5cab910a2cd22d325334a3dce2
	javafx-sdk-24.0.2/bin/api-ms-win-crt-private-l1-1-0.dll	100644	65e8380924c6b54147185cfd84deb0795c617b8c316d3767daa616f9fd88d6c0
	javafx-sdk-24.0.2/bin/api-ms-win-crt-process-l1-1-0.dll	100644	f426c73f187c4c3c6759514c11f752a1f8411a1f4392bbee984652e62d2e7296
	javafx-sdk-24.0.2/bin/api-ms-win-crt-runtime-l1-1-0.dll	100644	21c3d46f74f4249c81d723373da639ac2fb2733a626ec11310df49874663d2bc
	javafx-sdk-24.0.2/bin/api-ms-win-crt-stdio-l1-1-0.dll	100644	e4a6bd5d65d39da4424ab7828959cfeb7c362e29008bc63ecf16fb3b20001807
	javafx-sdk-24.0.2/bin/api-ms-win-crt-string-l1-1-0.dll	100644	a1cf3656daa57afb840714f891e7f072ca56bf5838f525d4394c362ef5c8ed8f
	javafx-sdk-24.0.2/bin/api-ms-win-crt-time-l1-1-0.dll	100644	fc27f6061faf91d696a2b3685a3bfac4de49fbf78d578b9970e1ed21f683b209
	javafx-sdk-24.0.2/bin/api-ms-win-crt-utility-l1-1-0.dll	100644	788611c05ef16759ac57df231b25b413be33fccabbeb446caaf4b5cbedd8e1dc
	javafx-sdk-24.0.2/bin/decora_sse.dll	100644	e2ee78fa0a3ee9436924b50a39b691ab84d731f56bf47c6c8e967b3206c48ec8
	javafx-sdk-24.0.2/bin/fxplugins.dll	100644	99369d2dcd6afc11ed9248aab02d2963f7f165af3cd64fffbbaf94fe3b580bb4
	javafx-sdk-24.0.2/bin/glass.dll	100644	f99ab6c3581d9a138a6fd10ae36b74ae1194185fcc8b84b61aa82d4aeea6ac07
	javafx-sdk-24.0.2/bin/glib-lite.dll	100644	ddb459c476ea04f74a0ddaeaa3ee2d40f75c005a441ee18cd5122a516a5af387
	javafx-sdk-24.0.2/bin/gstreamer-lite.dll	100644	38e342ad4cd18ddbab03ec3a33f9a110841a4676a6d10e3a829e8537e37649f9
	javafx-sdk-24.0.2/bin/javafx_font.dll	100644	a8aa0cf36e3f91b281016353637670ec8580628e6df758f81a5647129185c670
	javafx-sdk-24.0.2/bin/javafx_iio.dll	100644	1c25aa201607164a474e02d8dcf6007a3638ba64284a9fed32fc06fbe4bbdcd9
	javafx-sdk-24.0.2/bin/jfxmedia.dll	100644	1d50ecd1f197c4c8a4c1dc70621ff129e7714dc8f9f396166f28945eadb27327
	javafx-sdk-24.0.2/bin/jfxwebkit.dll	100644	dc01a11cd1ec1db1acd11f9729d48bf0a81ea0f366b1a9824290781dc8fc8a44
	javafx-sdk-24.0.2/bin/msvcp140.dll	100644	74892d9b4028c05debaf0b9b5d9dc6d22f7956fa7d7eee00c681318c26792823
	javafx-sdk-24.0.2/bin/msvcp140_1.dll	100644	a3a1199de32bbbc8318ec33e2e1ce556247d012851e4b367fe853a51e74ce4ee
	javafx-sdk-24.0.2/bin/msvcp140_2.dll	100644	63f1a20cb17ec5e0ca4ebea870b68740f24e063e28b235c3c8b58a3d8f57a9c4
	javafx-sdk-24.0.2/bin/prism_common.dll	100644	54406b2ab6967f1e64996f3db1ca3c5181d35f082a13c4d1b98aa3befeb095d1
	javafx-sdk-24.0.2/bin/prism_d3d.dll	100644	bf2ffaeb52c811fbb1c95fa061cd150959cb1372abbc79332abb268511133d58
	javafx-sdk-24.0.2/bin/prism_sw.dll	100644	0f7f75419a9a9da9fe808461ac5a1d767123b441a010667d9fb4b7fe3a11495b
	javafx-sdk-24.0.2/bin/ucrtbase.dll	100644	91d027417ff2301b7135e864a5df6693488f8412ff87040f4897e0e03bc2577b
	javafx-sdk-24.0.2/bin/vcruntime140.dll	100644	69320f278d90efaaeb67e2a1b55e5b0543883125834c812c8d9c39676e0494fc
	javafx-sdk-24.0.2/bin/vcruntime140_1.dll	100644	6fd366a691ed68430bcd0a3de3d8d19a0cb2102952bfc140bbef4354ed082c47
	javafx-sdk-24.0.2/legal/javafx.base/ADDITIONAL_LICENSE_INFO	100644	a69bce275ba7a3570af6579cb0f55682cd75fedfcd49e0e8e9022270c447c916
	javafx-sdk-24.0.2/legal/javafx.base/ASSEMBLY_EXCEPTION	100644	a44eb7b5caf5534c6ef536b21edb40b4d6babf91bf97d9d45596868618b2c6fb
	javafx-sdk-24.0.2/legal/javafx.base/LICENSE	100644	4b9abebc4338048a7c2dc184e9f800deb349366bdf28eb23c2677a77b4c87726
	javafx-sdk-24.0.2/legal/javafx.controls/ADDITIONAL_LICENSE_INFO	100644	a69bce275ba7a3570af6579cb0f55682cd75fedfcd49e0e8e9022270c447c916
	javafx-sdk-24.0.2/legal/javafx.controls/ASSEMBLY_EXCEPTION	100644	a44eb7b5caf5534c6ef536b21edb40b4d6babf91bf97d9d45596868618b2c6fb
	javafx-sdk-24.0.2/legal/javafx.controls/LICENSE	100644	4b9abebc4338048a7c2dc184e9f800deb349366bdf28eb23c2677a77b4c87726
	javafx-sdk-24.0.2/legal/javafx.fxml/ADDITIONAL_LICENSE_INFO	100644	a69bce275ba7a3570af6579cb0f55682cd75fedfcd49e0e8e9022270c447c916
	javafx-sdk-24.0.2/legal/javafx.fxml/ASSEMBLY_EXCEPTION	100644	a44eb7b5caf5534c6ef536b21edb40b4d6babf91bf97d9d45596868618b2c6fb
	javafx-sdk-24.0.2/legal/javafx.fxml/LICENSE	100644	4b9abebc4338048a7c2dc184e9f800deb349366bdf28eb23c2677a77b4c87726
	javafx-sdk-24.0.2/legal/javafx.graphics/ADDITIONAL_LICENSE_INFO	100644	a69bce275ba7a3570af6579cb0f55682cd75fedfcd49e0e8e9022270c447c916
	javafx-sdk-24.0.2/legal/javafx.graphics/ASSEMBLY_EXCEPTION	100644	a44eb7b5caf5534c6ef536b21edb40b4d6babf91bf97d9d45596868618b2c6fb
	javafx-sdk-24.0.2/legal/javafx.graphics/LICENSE	100644	4b9abebc4338048a7c2dc184e9f800deb349366bdf28eb23c2677a77b4c87726
	javafx-sdk-24.0.2/legal/javafx.graphics/jpeg_fx.md	100644	4c6b4e8e8c31d6e304c354a5e37d39a73f855e79bb40a6d4285bb440f738eda6
	javafx-sdk-24.0.2/legal/javafx.graphics/mesa3d.md	100644	63f4e6f75caebbccb95d903fb43e46ac7111b3624d0a34f146b276d7d9e7b152
	javafx-sdk-24.0.2/legal/javafx.graphics/pipewire.md	100644	56a8fb1652c70ac204d13bb52ca4d678162e7d21a97d10209c2a633de8082de0
	javafx-sdk-24.0.2/legal/javafx.media/ADDITIONAL_LICENSE_INFO	100644	a69bce275ba7a3570af6579cb0f55682cd75fedfcd49e0e8e9022270c447c916
	javafx-sdk-24.0.2/legal/javafx.media/ASSEMBLY_EXCEPTION	100644	a44eb7b5caf5534c6ef536b21edb40b4d6babf91bf97d9d45596868618b2c6fb
	javafx-sdk-24.0.2/legal/javafx.media/LICENSE	100644	4b9abebc4338048a7c2dc184e9f800deb349366bdf28eb23c2677a77b4c87726
	javafx-sdk-24.0.2/legal/javafx.media/directshow.md	100644	d847da5757a30d093db3f90a0bac9b1699a52965daa3ec5dedf3ebf14c81c698
	javafx-sdk-24.0.2/legal/javafx.media/glib.md	100644	158c1705ea2ab9c4ad470c1653813bf758008f7879e458f03436c94a3ce5acf3
	javafx-sdk-24.0.2/legal/javafx.media/gstreamer.md	100644	408c99a238107929c441f80f194706b8b872c34fe9d89786ffd6375354fd66c2
	javafx-sdk-24.0.2/legal/javafx.media/libffi.md	100644	dac99ebc8d216eecc5c3bd3f0514a97398602205627de4e903354756e79a5b22
	javafx-sdk-24.0.2/legal/javafx.swing/ADDITIONAL_LICENSE_INFO	100644	a69bce275ba7a3570af6579cb0f55682cd75fedfcd49e0e8e9022270c447c916
	javafx-sdk-24.0.2/legal/javafx.swing/ASSEMBLY_EXCEPTION	100644	a44eb7b5caf5534c6ef536b21edb40b4d6babf91bf97d9d45596868618b2c6fb
	javafx-sdk-24.0.2/legal/javafx.swing/LICENSE	100644	4b9abebc4338048a7c2dc184e9f800deb349366bdf28eb23c2677a77b4c87726
	javafx-sdk-24.0.2/legal/javafx.web/ADDITIONAL_LICENSE_INFO	100644	a69bce275ba7a3570af6579cb0f55682cd75fedfcd49e0e8e9022270c447c916
	javafx-sdk-24.0.2/legal/javafx.web/ASSEMBLY_EXCEPTION	100644	a44eb7b5caf5534c6ef536b21edb40b4d6babf91bf97d9d45596868618b2c6fb
	javafx-sdk-24.0.2/legal/javafx.web/LICENSE	100644	4b9abebc4338048a7c2dc184e9f800deb349366bdf28eb23c2677a77b4c87726
	javafx-sdk-24.0.2/legal/javafx.web/icu_web.md	100644	30bd18d716b50d6341cae7721ab86761b59c4d26a85d0a2520e2d6c30bfda9ed
	javafx-sdk-24.0.2/legal/javafx.web/libxml2.md	100644	b84c937a9895bfdc0c4d5457b0643c67cabe1a3c9006dc9c29f6f5d6f566285e
	javafx-sdk-24.0.2/legal/javafx.web/libxslt.md	100644	3c45c38a05c40405e656eb8da50d1bf851d4bf91c83f43069ee8bc5685306ff7
	javafx-sdk-24.0.2/legal/javafx.web/webkit.md	100644	d297a224d4a822c63648ef57eabc0ce25860b8c9d5ce76d2864393363ba5773f
	javafx-sdk-24.0.2/legal/jdk.jsobject/ADDITIONAL_LICENSE_INFO	100644	a69bce275ba7a3570af6579cb0f55682cd75fedfcd49e0e8e9022270c447c916
	javafx-sdk-24.0.2/legal/jdk.jsobject/ASSEMBLY_EXCEPTION	100644	a44eb7b5caf5534c6ef536b21edb40b4d6babf91bf97d9d45596868618b2c6fb
	javafx-sdk-24.0.2/legal/jdk.jsobject/LICENSE	100644	4b9abebc4338048a7c2dc184e9f800deb349366bdf28eb23c2677a77b4c87726
	javafx-sdk-24.0.2/legal/jfx.incubator.input/ADDITIONAL_LICENSE_INFO	100644	a69bce275ba7a3570af6579cb0f55682cd75fedfcd49e0e8e9022270c447c916
	javafx-sdk-24.0.2/legal/jfx.incubator.input/ASSEMBLY_EXCEPTION	100644	a44eb7b5caf5534c6ef536b21edb40b4d6babf91bf97d9d45596868618b2c6fb
	javafx-sdk-24.0.2/legal/jfx.incubator.input/LICENSE	100644	4b9abebc4338048a7c2dc184e9f800deb349366bdf28eb23c2677a77b4c87726
	javafx-sdk-24.0.2/legal/jfx.incubator.richtext/ADDITIONAL_LICENSE_INFO	100644	a69bce275ba7a3570af6579cb0f55682cd75fedfcd49e0e8e9022270c447c916
	javafx-sdk-24.0.2/legal/jfx.incubator.richtext/ASSEMBLY_EXCEPTION	100644	a44eb7b5caf5534c6ef536b21edb40b4d6babf91bf97d9d45596868618b2c6fb
	javafx-sdk-24.0.2/legal/jfx.incubator.richtext/LICENSE	100644	4b9abebc4338048a7c2dc184e9f800deb349366bdf28eb23c2677a77b4c87726
	javafx-sdk-24.0.2/legal/jfx.incubator.richtext/unicode-fx.md	100644	5194d6760f2e7eccc07804196cc619f84e730fa9d10c0529b71416186f4d12dc
	javafx-sdk-24.0.2/lib/javafx-swt.jar	100644	374a52b3e281171324fb8aa22c50d9a817de86d67b6fa491e8a4f39a2161f986
	javafx-sdk-24.0.2/lib/javafx.base.jar	100644	a687d799e345ca6901b0063e232b9a2e84d2769e96e7011875a0085c9a7f3009
	javafx-sdk-24.0.2/lib/javafx.controls.jar	100644	bebfc6ae2cb28676788d2ed4f4a0aabb2a9058a7725f937b3f1d6e9369746aab
	javafx-sdk-24.0.2/lib/javafx.fxml.jar	100644	4bc8f1b996249a34fcf85b9fe17e51a6ce273ccf000e87f4d2b2797b578568c9
	javafx-sdk-24.0.2/lib/javafx.graphics.jar	100644	f16e3be17b6e851ecfafed8882dad9bdd7da45561d198770726b9b6d17eabfa4
	javafx-sdk-24.0.2/lib/javafx.media.jar	100644	fba77582579c36229a51736ceae262f63c851ec9972188980ee3038761fd5de0
	javafx-sdk-24.0.2/lib/javafx.properties	100644	78ea8958ecd83f6d088eaeb5532570ee91422d0dd30cf00451da7e72b155afe0
	javafx-sdk-24.0.2/lib/javafx.swing.jar	100644	0b887cde72d17a43d35f4498bada8fa8489a5d53f0618c74fc4fa2b32fc3f13e
	javafx-sdk-24.0.2/lib/javafx.web.jar	100644	01fd757a3641117290d500c8f3f3bec36680c3346710bc4a387205530325e310
	javafx-sdk-24.0.2/lib/jdk.jsobject.jar	100644	2c2eac89f357791d4453f4a6c580ec204d41abf1337254cc234c57d4ec7477f2
	javafx-sdk-24.0.2/lib/jfx.incubator.input.jar	100644	b49c1d4cb593654064eddfee90e3d7df083e3c8921dafa47a24b7829f1e667d7
	javafx-sdk-24.0.2/lib/jfx.incubator.richtext.jar	100644	4130bce3e12db11f8115200a09707791ec2784bddbc14903a8c4c96c81591779
	javafx-sdk-24.0.2/src.zip	100644	c0197b91c66ee630ed1d9404c66e022a73b4a66ec7d694346b74fa7c6bfe0471
	lib/META-INF/MANIFEST.MF	100644	e29325265329ebe1a41b248cc5edf5ae24ab9dca35b3bf60cd56be0e5bd6a0b0
	lib/README.txt	100644	dfafa00b98655ce662b272f65c44c115f2f1def724ed172ca3fee3d24dcee09a
	lib/bsh-2.0b4.jar	100644	91395c07885839a8c6986d5b7c577cd9bacf01bf129c89141f35e8ea858427b6
	lib/bson-3.3.0.jar	100644	e6bdf909cc458cc48dba74d8af90f12b1c43e25cd07da5fac1feaf6a7379d677
	lib/cmu_time_awb.jar	100644	bac88676518fc4b753e1b06cdca9a4f19eeba3ee9ec3ebab9695d6f4ad90a422
	lib/cmu_us_kal.jar	100644	7f9c46fad77f657e417e953653894293b9f806fdcb85ad7d0e5f4268fb1c1f85
	lib/cmudict04.jar	100644	c9951e09c20018b763c285286b657f99b875368ad81f0df8e44b3b1e5433dd23
	lib/cmulex.jar	100644	538c8fc16abde6f11c4dee618588570289cf52ea6f182f1c1d47f97d709af69d
	lib/cmutimelex.jar	100644	6c0255dc66f36208961c6d0b361a527287d4c43b1eff61d5f03c322a7107a05e
	lib/cobertura-2.1.1.jar	100644	e474a95bdede64fc612b0a1915b9cbb5aa1222bdcafe6bee56ec6b1e408b4fb2
	lib/commons-cli-1.9.0.jar	100644	d3d530d0f28fd0fbbffe2b0b338f70e8cb96f1605579e2e3abd4db29cac24e69
	lib/en_us.jar	100644	1fb88fdffdc75f7cf75931ae890503ae382e31c9e7379fcb4ed116ff5e6d7d5b
	lib/freetts-1.2/ANNOUNCE.txt	100644	4c6c2d781fbe903ac57ed6343d75312aa22f881c61204bbaa82d49ff5cf17f07
	lib/freetts-1.2/README.txt	100644	8325b4f0537190b1cae068e827d9299fed3b07edb3d5eaa998133922f44db41c
	lib/freetts-1.2/RELEASE_NOTES	100644	15af25234979609edf8c154c9591445931c794678c990698818bd7b1e271b87a
	lib/freetts-1.2/bin/Client.jar	100644	239563294fe7342bcb3d8ebd64784683d72115d4c0e9dc0793da6e97486c4db5
	lib/freetts-1.2/bin/EmacspeakServer.jar	100644	ef26b473f86d471946afeec42d37d230d8434b8eaec5694fa13107ecc93addd2
	lib/freetts-1.2/bin/FreeTTSEmacspeakServer.jar	100644	1a5497ec4cc2b107c65c04afd2b13795b87afad01c5bbe682cd4fd1813dcf5a8
	lib/freetts-1.2/bin/FreeTTSHelloWorld.jar	100644	f4df8e81b0ddccf828f899465967c007fb7b48f353c11127ce2a36a9c4c8dc5d
	lib/freetts-1.2/bin/HelloWorld.jar	100644	fc7d83635967f121b075add0fe0aa93ed21bdfabb5069e8dfffd94e5fd80682a
	lib/freetts-1.2/bin/JTime.jar	100644	13f3c6b6294d7e9fcff1e6352b0aa3604461bb60f3b3f8ef6514726fd48a02c5
	lib/freetts-1.2/bin/MixedVoices.jar	100644	bcf85aae6446274497c90a3392c111749054bfc3e1b0e1bf2969473076406a95
	lib/freetts-1.2/bin/Player.jar	100644	2affe91259dcb0b5f1b8ff215323285ffe71aebac2b586363852fdac9c824a9d
	lib/freetts-1.2/bin/Server.jar	100644	f0d234eaace49d7d625bc636938407cb2f09b75f4b2bec2ed8aabd37ab2b29cb
	lib/freetts-1.2/bin/WebStartClock.jar	100644	b936aa7b1fd217f14a68ed0b3581723c9758a0e674070dcbd70aefc1d9f96119
	lib/freetts-1.2/demo.xml	100644	70d9253d653e013b32f396defaff7b379008e549c52cddba528a41e7ae688692
	lib/freetts-1.2/docs/ContributorsAgreement.pdf	100644	899a0b8a1ddef37196892337337f92b838d57355e6d4c9350c6ac7b9e54dc163
	lib/freetts-1.2/docs/FreeTTSStuff.html	100644	8ffc59c52e043c481261d527879fae84f8dcd173207d28e2e630c49aa14bfc81
	lib/freetts-1.2/docs/FreeTTS_handout.pdf	100644	f43c6e31492e0fc4cf53ec4f0e6e8fc97b367764c228d0563f2af1f2849b8cea
	lib/freetts-1.2/docs/FreeTTS_handout.sxw	100644	49d383eb0eaab22f1013c0a0a0bb8348d19306d775d58df72c4a7d767091856b
	lib/freetts-1.2/docs/Makefile	100644	10335ef6c45cb87fe54e3369366759f600a32bc3c15e3bddecae54fdd8d19cd1
	lib/freetts-1.2/docs/ProgrammerGuide.html	100644	3ec1ee6125df2555632e010d15f5b7594571484d1cd95b2125930cfdcba44052
	lib/freetts-1.2/docs/audio/12-35.au	100644	eccc17e27deb4ecd3a3906e0651a5b485330b8f34100b0694d72ca4ac9519333
	lib/freetts-1.2/docs/audio/12-35.wav	100644	49eba58d4e3828c8048e0859200d43509f3986396052c3b4929d4cff2596d7d9
	lib/freetts-1.2/docs/audio/complex.au	100644	a08389fccdd03fda08a2f35fab51f063cca150f32577e006dc4b31600208b870
	lib/freetts-1.2/docs/audio/complex.wav	100644	1f9d3374283c9a85c54f50bd5357cffc65338fde248d54a6a618004cd9f0e5ed
	lib/freetts-1.2/docs/audio/cookiecooks.au	100644	1b92de9592b588546c6f7ae26a1552e67edf59be2d28544299cd4e176ae1a2b9
	lib/freetts-1.2/docs/audio/cookiecooks.wav	100644	301479b957ff640b948ac8dc189f0c9ebeb688cee7dae9ecf10c06945f720221
	lib/freetts-1.2/docs/audio/shoeshineshop.au	100644	112db10c0ac054ff2a962cf8239d6865b2fbed95dc29ea19d04b25ed768211b2
	lib/freetts-1.2/docs/audio/shoeshineshop.wav	100644	845adf91401cf891cedc70c41ea066030ac30ca91e856a6f24542dd436550f2a
	lib/freetts-1.2/docs/audio/talkforever.au	100644	80a24c354200b374b4bc131d3177db1a68910dc739a1c6725b762d7905469a54
	lib/freetts-1.2/docs/audio/talkforever.wav	100644	38b15ca48b82f554158239172846672b4a56d1b93d161df52a71e03bf576952c
	lib/freetts-1.2/docs/audio/talkforever16.au	100644	ced753703353b5e815fe22def40410d30fe1af86543a6ac6304caa892808ac36
	lib/freetts-1.2/docs/audio/talkforever16.wav	100644	ce9f2ee69e8f6f1019a97a3e54b56e4a0d768a2880febe0dd14f08784005d8b9
	lib/freetts-1.2/docs/audio/thanks.au	100644	7b4697a88dda73f99f7a1631f110d9e32fbcf0dfa3be7423d947dba91114317e
	lib/freetts-1.2/docs/audio/thanks.wav	100644	be20469dd7295c4226395ea82e339edfd63b8e2c83590a418e3c3a1082aacd06
	lib/freetts-1.2/docs/create_php.sh	100644	a66f8bc8aa40091ae564bca866dbff56986193a564f6b4bab7ed56ef88325c09
	lib/freetts-1.2/docs/demo.html	100644	c986a861d886130a2682969240256d0d766afe6d0dc8b0a3706463baeeda2523
	lib/freetts-1.2/docs/emacspeak_index.html	100644	a623ae43d93c87132c0912a14e68025419d935e5e31d241d2c9ee135742d2754
	lib/freetts-1.2/docs/html_copyright.txt	100644	0e36cac3ddfd2a2aa82ff4f2e55495bfe6cf63a4ba075919db6ad43ef54bce98
	lib/freetts-1.2/docs/images/TinyWebStartClock.jpg	100644	6ed5eff74559b04523aabc5b8313241f38101297f378b36f7a79bfa6a7b5a887
	lib/freetts-1.2/docs/images/img0.jpg	100644	c665efb785fc62d5a9ae3724246e1fb29b97df704e6db8a205098cdcfee62a7f
	lib/freetts-1.2/docs/images/img1.jpg	100644	9c57e5c89bbe96ca1bf33eaf9482f96665cc9ed67e1292b1fba0a39e149108fc
	lib/freetts-1.2/docs/images/img10.jpg	100644	89af62707d09dcf19971459123497ed7b7a686d23bb8d1cf9b97a1f5a22efde0
	lib/freetts-1.2/docs/images/img11.jpg	100644	ceb22d940c94e5d243e61b6f71339ed22fd9a026d0749446899f8b03c1497f2d
	lib/freetts-1.2/docs/images/img2.jpg	100644	daa2b3cf81c258e0b0d4cf05c7d8efbffb0abbe1ca742247aaf95efc8d629319
	lib/freetts-1.2/docs/images/img3.jpg	100644	7a22fcfa0c4012af986b461db547142653d2cdac0061380e80b8aa7896a3d0f8
	lib/freetts-1.2/docs/images/img4.jpg	100644	75921ab0bb3b539b98e4d893af2937e2e2455259f5e3eb84d079d48690002154
	lib/freetts-1.2/docs/images/img5.jpg	100644	7e9182b9ed244f69b1dd5fca567398709e724dcf53c17fb1332e804d17055c7a
	lib/freetts-1.2/docs/images/img6.jpg	100644	58c09c9f764e54104a3d1b2008f5352998756cf1ff44d109ab0d1f575844ca30
	lib/freetts-1.2/docs/images/img7.jpg	100644	edde00e9ab9709b32adda0c8514f1f9cd4b1877a36053d796c30d91153be2c4c
	lib/freetts-1.2/docs/images/img8.jpg	100644	57c70479c21e2bbfe46b0ac2d6025795ae7bb6f9e8917e1d9f5aee9fa74905a0
	lib/freetts-1.2/docs/images/img9.jpg	100644	6c878353da4ca8c9ea8fa52e6bdb687762d16b1362df903f8d45e9ff2531ebb1
	lib/freetts-1.2/docs/images/speaker1.gif	100644	41f5fe2d19e205df0ff55384ed65bb5d821fc43a442222d05869e39b33684d98
	lib/freetts-1.2/docs/index.html	100644	fee6e621c5c5725d17f3a96afd7a22028118d4e40180e836b8fbcb3c0d984271
	lib/freetts-1.2/docs/jsapi_setup.html	100644	de2359bdbefd420ff32c23ffe139188e9f59ca5fbcd6e6c949968913f6b2212a
	lib/freetts-1.2/docs/mixedsource_copyright.txt	100644	784c1f89b4b5078f79f8313c1d7fcedbb5c52d50698425b1d21c570ff161d5fa
	lib/freetts-1.2/docs/release_checklist.txt	100644	941e06b3989d568416676ace73f09a46d13d76f3138600900fd0949e6ee81987
	lib/freetts-1.2/docs/shell_copyright.txt	100644	ee3d639c8d22aae26f807c2e696357a1d172b589f5f2b912cf0d6c351c140fa5
	lib/freetts-1.2/docs/source_copyright.txt	100644	77013c80d6f46024b3f3618fdc0952cc1b919466e48d954cd27737c4fc714968
	lib/freetts-1.2/docs/utterance.sxd	100644	a4592416d8886f83335e96fcb5d72e2defac949a0fd396a46e9bb1b8a93c4f43
	lib/freetts-1.2/index.html	100644	e5e75e0bc5eeae576b4f7d2fb26f01cedcdc857886147c10cf05710c20b60aaa
	lib/freetts-1.2/javadoc/allclasses-frame.html	100644	f41281b74f333b06003d9b82fbc3d326062f3113bf51a1e6529f38e05d766e46
	lib/freetts-1.2/javadoc/allclasses-noframe.html	100644	f67af23628e96525b0ea68b49fae45f013227c74897f34176bff138a99f01043
	lib/freetts-1.2/javadoc/com/sun/speech/engine/BaseAudioManager.html	100644	5f4b05301f49593ee33c3d07c8f9fef0b5997ba8acf1b2c0a684f187fcd30e77
	lib/freetts-1.2/javadoc/com/sun/speech/engine/BaseEngine.html	100644	7a06a244b0967fc988448785813cc926bc17dceb796d93e37665fddba755f120
	lib/freetts-1.2/javadoc/com/sun/speech/engine/BaseEngineProperties.html	100644	bae49a9cdf6b009f6e95512774e8ca6ed4d76412fd9f78f473fd12274dd62f03
	lib/freetts-1.2/javadoc/com/sun/speech/engine/EngineEventPanel.html	100644	58f688c19ee05b6cf3478653b229bd2aa436637c075dc343cafc27164bc40760
	lib/freetts-1.2/javadoc/com/sun/speech/engine/EngineMonitor.EngineMonitorEngineListener.html	100644	93bf2a48e18ce411c90c6664a71cf279c09064169d828a3f441c7d9d74d2fdb4
	lib/freetts-1.2/javadoc/com/sun/speech/engine/EngineMonitor.html	100644	7cdb01c5bd47f478138a8f4011eb5444be5fb4f6f80dbf79e5df07133cf8d2a5
	lib/freetts-1.2/javadoc/com/sun/speech/engine/SpeechEventDispatcher.html	100644	3b84d790ef38875f6eeff5c52032bc0387aaac60597cc7ba95738c5f3b82aaef
	lib/freetts-1.2/javadoc/com/sun/speech/engine/SpeechEventUtilities.SpeechAWTEvent.html	100644	8433d365e07f3e96e777f9b97e4fd6bc109e9bcef51eba66a83e065c1f756980
	lib/freetts-1.2/javadoc/com/sun/speech/engine/SpeechEventUtilities.SpeechAWTEventTarget.html	100644	a8c9cf2777036d52ada909734c1ff697814e9f403472433aee8ada9759227062
	lib/freetts-1.2/javadoc/com/sun/speech/engine/SpeechEventUtilities.html	100644	5c7a71bcaf4f2a34a8e09d45349c2f7def0645056ddff3970f99f1884c56ce44
	lib/freetts-1.2/javadoc/com/sun/speech/engine/SpeechEventWrapper.html	100644	4dba0e54058751880536b6f6b8b40bc630b25218c3db4f1a6358e12d96b74263
	lib/freetts-1.2/javadoc/com/sun/speech/engine/package-frame.html	100644	6d29ad92aef1ae9d1bc53345af6a0db1933260e9be3351f1b20e8e8d90a07f41
	lib/freetts-1.2/javadoc/com/sun/speech/engine/package-summary.html	100644	243c93dcaa1c9e17ca123a9e810e2b0f5d79c5f4294ef57b7776fe3ad095a5a4
	lib/freetts-1.2/javadoc/com/sun/speech/engine/package-tree.html	100644	c9aab59ababf7c564a4f6df18d2f71fabe17a4076b458fe03abc61950545e93c
	lib/freetts-1.2/javadoc/com/sun/speech/engine/synthesis/BaseSynthesizer.html	100644	ba2d0e1305c53d81d5d70a993cfe2b2d8e2ad712ead90d0f85a435a965dffbfa
	lib/freetts-1.2/javadoc/com/sun/speech/engine/synthesis/BaseSynthesizerProperties.html	100644	c3618d3d626c598c7133c7466ace860ea17abd22a8646d7fc97186230ef30590
	lib/freetts-1.2/javadoc/com/sun/speech/engine/synthesis/BaseSynthesizerQueueItem.html	100644	690aec560e70e8e20e246776716d14e8dd39640d32a3d403e07f33474d847c8e
	lib/freetts-1.2/javadoc/com/sun/speech/engine/synthesis/BaseVoice.html	100644	9031f3a252cf66878e69ed843ea5972e9435b6fb00f8538a23dd869b2afc0c38
	lib/freetts-1.2/javadoc/com/sun/speech/engine/synthesis/JSMLParser.html	100644	6b885dc3eb36d48c5e4343f9aa51d1a2d62a33eca1d1a675569b421ffcee580c
	lib/freetts-1.2/javadoc/com/sun/speech/engine/synthesis/SynthesizerMonitor.html	100644	1cdb611681f21d85ba6b5abbd28dff777dbd7936aa26d64f7c92cc5c4862cb99
	lib/freetts-1.2/javadoc/com/sun/speech/engine/synthesis/SynthesizerSelector.html	100644	d24a6df6ab8f2f76b6a09ec89eb5d527beacdfcc9566aeb1d5bab3a9ef1ceb20
	lib/freetts-1.2/javadoc/com/sun/speech/engine/synthesis/VoiceList.html	100644	4444146db45a9f2eb652a8c764f804bde861cb22d6dab932a9a0c3fca9570d99
	lib/freetts-1.2/javadoc/com/sun/speech/engine/synthesis/package-frame.html	100644	cb86ffab122a02ac5600ba330707f119df3ea92749839542e4e4d274244a25a3
	lib/freetts-1.2/javadoc/com/sun/speech/engine/synthesis/package-summary.html	100644	ea473e28b909a747cf0d2fb1859aaaae10d26323626d652c4af5c46406be11bb
	lib/freetts-1.2/javadoc/com/sun/speech/engine/synthesis/package-tree.html	100644	4964e7a9ef52a23dd8a297a1d972a0d148bd2c3695d1a933c9d5611112b9fb27
	lib/freetts-1.2/javadoc/com/sun/speech/engine/synthesis/text/TextEngineCentral.html	100644	5bb318f9f2dde1589fb5a6d419537f6804e34ddb06b0fb7ce165ba56c2d51ecc
	lib/freetts-1.2/javadoc/com/sun/speech/engine/synthesis/text/TextSynthesizer.OutputHandler.html	100644	8950d7134da4e5a0228779b5de6c021aecda63e5afd2c955defa3bde63735808
	lib/freetts-1.2/javadoc/com/sun/speech/engine/synthesis/text/TextSynthesizer.html	100644	9abb05429a3c96d69f6bd546a65b8e18acbe5e35b9852675091fe09cc2b5e82a
	lib/freetts-1.2/javadoc/com/sun/speech/engine/synthesis/text/TextSynthesizerModeDesc.html	100644	c8f7d7d9c984c75bff8baef5f9b61367c9f90620468b1f3c14ec8ae97ef8f327
	lib/freetts-1.2/javadoc/com/sun/speech/engine/synthesis/text/TextSynthesizerQueueItem.html	100644	f157256851419b991eee159d94b66c64cde14c4e40810a4f1e04ee0b5b984907
	lib/freetts-1.2/javadoc/com/sun/speech/engine/synthesis/text/package-frame.html	100644	9b1478b55760b43b36a7969986a2c97be19deb8294ac623b156b7b1b6159a23c
	lib/freetts-1.2/javadoc/com/sun/speech/engine/synthesis/text/package-summary.html	100644	aaffd405ce2a4143cd9bcb704f4d3d616e66060c06fb9ebfb2e99e36e139ca91
	lib/freetts-1.2/javadoc/com/sun/speech/engine/synthesis/text/package-tree.html	100644	6698ab2601dbe8d79b98297d56de99156f00eb520ef54396b422ab5d908dc7b2
	lib/freetts-1.2/javadoc/com/sun/speech/freetts/Age.html	100644	dde9c9d9d92622f74159e6d5612464395f91679fe94845b4513042583b98d864
	lib/freetts-1.2/javadoc/com/sun/speech/freetts/Dumpable.html	100644	56b82b03d144d28bbc342e1280aac53d861513f3cda9d08427291da5ab3ef2fd
	lib/freetts-1.2/javadoc/com/sun/speech/freetts/FeatureProcessor.html	100644	c1d472426eedcc4dcfc9038fff859f06ddf4051a6705ab32a63dd16dd17b25db
	lib/freetts-1.2/javadoc/com/sun/speech/freetts/FeatureSet.html	100644	575d600342d4947927e39e507f61f9de5c841c9fa554381c328e8d921a9e36b6
	lib/freetts-1.2/javadoc/com/sun/speech/freetts/FeatureSetImpl.html	100644	3c57c38319ef0ddd185d2e019736419dfb4002821f3600e33658473eca25f6cb
	lib/freetts-1.2/javadoc/com/sun/speech/freetts/FreeTTS.html	100644	835753a6a51cf542bce3f3285771c3a2076c5120ed1b572f41242844bed629eb
	lib/freetts-1.2/javadoc/com/sun/speech/freetts/FreeTTSSpeakable.html	100644	186aa9ce14216e82c9ec16be9c2c8359a47c8f61bbd9c725042362547d7fe241
	lib/freetts-1.2/javadoc/com/sun/speech/freetts/FreeTTSSpeakableImpl.html	100644	d53f8d729f9e49bc6488f3f211dd80247aa2a0786f3f275d4055716b6b9420d4
	lib/freetts-1.2/javadoc/com/sun/speech/freetts/FreeTTSTime.html	100644	532be3e5572d7373797adfe38f89dd836b6863da8b904cfda42fffe9c5a255c5
	lib/freetts-1.2/javadoc/com/sun/speech/freetts/Gender.html	100644	7b6964b08e7dbc125c8ce0accc3fefb68e8e9fe7b63f0637b181bc55ab3db1d3
	lib/freetts-1.2/javadoc/com/sun/speech/freetts/InputMode.html	100644	c3a442b8e7a8f0a9ec3425912378bdaedf91e7dd0d84cf43f08f4e86d8472fa9
	lib/freetts-1.2/javadoc/com/sun/speech/freetts/Item.html	100644	9c8763f7b16c002f2603750088188a05b9ccd4cf96a4ea7ca19c5525c51e8b5e
	lib/freetts-1.2/javadoc/com/sun/speech/freetts/ItemContents.html	100644	ba8b612f9401363ae45941367567e286a1bf7bdf0fe45f68bd3fe872f1d30ee2
	lib/freetts-1.2/javadoc/com/sun/speech/freetts/OutputQueue.html	100644	0e86ac335191a8f0a63544ebbd0100276a7560d618e3c891d492b6e81dad0483
	lib/freetts-1.2/javadoc/com/sun/speech/freetts/PartOfSpeech.html	100644	123f0509af355b59af0b60fc5eaf3349d9c891d9fc63b822bf5dd3eed4c73668
	lib/freetts-1.2/javadoc/com/sun/speech/freetts/PartOfSpeechImpl.html	100644	5da0a88d8e7b7fdef87e9e7cfca8b39dd149914cd635608e88739364366fc2a7
	lib/freetts-1.2/javadoc/com/sun/speech/freetts/PathExtractor.html	100644	9ecb2ade9b10c7dae177ec0b730b80cb0bee9522ef8317988d092c75f94b226f
	lib/freetts-1.2/javadoc/com/sun/speech/freetts/PathExtractorImpl.html	100644	267a2021e0e9656d74215cfafe5ff049730a79efb716647ce25fea317102c0e5
	lib/freetts-1.2/javadoc/com/sun/speech/freetts/PhoneDuration.html	100644	375445a6e317a8a131b46190382e5f53599fecd09539fb0a0deb311297ba235f
	lib/freetts-1.2/javadoc/com/sun/speech/freetts/PhoneDurations.html	100644	91a3c10cd458894225e35edbbed15a4a2e81059deb4894679426581dc37d8443
	lib/freetts-1.2/javadoc/com/sun/speech/freetts/PhoneDurationsImpl.html	100644	dc98d8c65e2e18c77acbd3001a1aad1e4bb49ad84b467871b4015c2d9874c0da
	lib/freetts-1.2/javadoc/com/sun/speech/freetts/PhoneSet.html	100644	a7dfb3be80e11015f5c8e50ce311b800916b4d8e1357d3826c70b244376d5d32
	lib/freetts-1.2/javadoc/com/sun/speech/freetts/PhoneSetImpl.html	100644	bae7b95fb36b5722558ac69f7609f206ef3b4fc1aa5c980bdaac8ce593c71db0
	lib/freetts-1.2/javadoc/com/sun/speech/freetts/ProcessException.html	100644	31b461b05097de14d6a4d797436558bacb1835684e34fca88db9dee46defbca7
	lib/freetts-1.2/javadoc/com/sun/speech/freetts/Relation.html	100644	f000e2ce6d2b74ee31c51996d8cddaac9c5fe37725d226514c11412e179c1e12
	lib/freetts-1.2/javadoc/com/sun/speech/freetts/Segmenter.html	100644	2b45c4f86e35aa77334d72d7b0e9bcaac8d42eca104bca0fb91d8b36867d1b87
	lib/freetts-1.2/javadoc/com/sun/speech/freetts/Token.html	100644	b83a79b2958162b230c6d9fb33a1ba36c633182ee6ff7e12aa9107179c7a9551
	lib/freetts-1.2/javadoc/com/sun/speech/freetts/Tokenizer.html	100644	d7f32acdfce7bb44f55287ed1ba4ebcddfc67c2e1292892124efc5a479eb1ddf
	lib/freetts-1.2/javadoc/com/sun/speech/freetts/Unit.html	100644	435fe9810d8178c660758b19175cd2a28056824ef92a4eea09a618e12dffcaa7
	lib/freetts-1.2/javadoc/com/sun/speech/freetts/Utterance.html	100644	e6cfefd5b9999cf44793a9f2b3f4afb7df7b26354884712f83194800f7ca6b89
	lib/freetts-1.2/javadoc/com/sun/speech/freetts/UtteranceProcessor.html	100644	5cd3ef23cbd74790a5cc573039383702a9bdd522f96d8599a2d4ab047f035a54
	lib/freetts-1.2/javadoc/com/sun/speech/freetts/ValidationException.html	100644	2bf1252ff04a7d8e0179a2c89db718fe1e88aa13b81123dabff29bfb0e30267b
	lib/freetts-1.2/javadoc/com/sun/speech/freetts/Validator.html	100644	ec4fb74b77633472434d73651ff29572f43e573bf685ab9de4064b980bf0c64d
	lib/freetts-1.2/javadoc/com/sun/speech/freetts/Voice.html	100644	9084420005564937070f014996495e16fdb6058c7d28cfcfd87517e1dcc58632
	lib/freetts-1.2/javadoc/com/sun/speech/freetts/VoiceDirectory.html	100644	b6c4539090f4b98f3a5268fa3501ee38f6899821d68afeb101b66337e416b19d
	lib/freetts-1.2/javadoc/com/sun/speech/freetts/VoiceManager.html	100644	7353a050437a673257685cd1337fd4b08ce64f04325f97f3c090fde923913009
	lib/freetts-1.2/javadoc/com/sun/speech/freetts/audio/AudioPlayer.html	100644	d5908c10b474a8b7e9c16a7eb9ba51da65864a705c2f35cdf5371b4b4226d22a
	lib/freetts-1.2/javadoc/com/sun/speech/freetts/audio/JavaClipAudioPlayer.html	100644	4c36b5b52897bc293e681a2f3bc37d6fa5cab8fc824f5cfb6ef6eebcd085580d
	lib/freetts-1.2/javadoc/com/sun/speech/freetts/audio/JavaStreamingAudioPlayer.html	100644	28e60f4414a7e0d913b375868b24600a0837a6cc16379f3b75abd0a72c445b5a
	lib/freetts-1.2/javadoc/com/sun/speech/freetts/audio/MultiFile8BitAudioPlayer.html	100644	e72e52d633a23c68bb967ebc37c5f8c6f8ff7c5d43f090ad98b5406dd1031e2e
	lib/freetts-1.2/javadoc/com/sun/speech/freetts/audio/MultiFileAudioPlayer.html	100644	7e32c522f0a9c4e451e5d057d1a36827de99180c6579c24970b77e547a6d6fa8
	lib/freetts-1.2/javadoc/com/sun/speech/freetts/audio/NullAudioPlayer.html	100644	07585917e7c5b0efcbf47c9a532a2cde5807ac92a43542b8c2b600bf9ac43e5e
	lib/freetts-1.2/javadoc/com/sun/speech/freetts/audio/RawFileAudioPlayer.html	100644	052e9563fe17c8dcd4e44a3fee8c1fc2f783db696777b1b3fcf5683d227de6e5
	lib/freetts-1.2/javadoc/com/sun/speech/freetts/audio/SingleFileAudioPlayer.html	100644	3745a16d389304263fe488d1124ec9c40c16f2a2072b3624d343ff28375def57
	lib/freetts-1.2/javadoc/com/sun/speech/freetts/audio/package-frame.html	100644	9b4131970f607bc9f9b80fa868fec1a270be959119ea257f286083f45e412c3b
	lib/freetts-1.2/javadoc/com/sun/speech/freetts/audio/package-summary.html	100644	96bdad6e386c682ad92910ba8ade4db8a766c988f5068b6a9f7668fb5577b845
	lib/freetts-1.2/javadoc/com/sun/speech/freetts/audio/package-tree.html	100644	b22ccc3120ce90df7d644558ea589fa7c60b5e253fabc2d1bfa1c00cdff98e37
	lib/freetts-1.2/javadoc/com/sun/speech/freetts/cart/CART.html	100644	c168c9f5c42e321d399866306be9d7830c98e98c7d97bc63de229b7d661060e7
	lib/freetts-1.2/javadoc/com/sun/speech/freetts/cart/CARTImpl.html	100644	1d9a57fcaa11f7d64d5c5c1b23cfcdd99bdfb2ed010148e74ffa0d0c243d8e0e
	lib/freetts-1.2/javadoc/com/sun/speech/freetts/cart/Durator.html	100644	b45cc7d08345cc2677dcaff5f4ef430edd115a7e806e4fbdf945be54caa0d88b
	lib/freetts-1.2/javadoc/com/sun/speech/freetts/cart/Intonator.html	100644	4d55f4240911ab83f30da3e8a6d9b00b70d6f8486d1cb12f512f139d37d8c2a0
	lib/freetts-1.2/javadoc/com/sun/speech/freetts/cart/Phraser.html	100644	812002ee3183fba3782d26b732bca8af52883e6c9a14ffdcba5598f3a5cc1508
	lib/freetts-1.2/javadoc/com/sun/speech/freetts/cart/package-frame.html	100644	e50468ca4212483085df028ad27165a6d1a32af06c11e8a7c6ef99cb6e03ce45
	lib/freetts-1.2/javadoc/com/sun/speech/freetts/cart/package-summary.html	100644	3fa0b04d4f4426bab3ca04d7d10dae169f97c674bfb1d3035ab9285004c87e27
	lib/freetts-1.2/javadoc/com/sun/speech/freetts/cart/package-tree.html	100644	8e24e956389984adfc3022b4fa1bc436be3b17f15a16c61e7d925b2f860e54ff
	lib/freetts-1.2/javadoc/com/sun/speech/freetts/clunits/ClusterUnitDatabase.html	100644	a8c9c6f933de90134f2478a422f3120e088cabd4671d1b5de06ff75d1b55e1af
	lib/freetts-1.2/javadoc/com/sun/speech/freetts/clunits/ClusterUnitPitchmarkGenerator.html	100644	2b6a429b026e00228c250c1dc5cd0fccb5bc77de514bafcf6c46d412a4bf7fe8
	lib/freetts-1.2/javadoc/com/sun/speech/freetts/clunits/ClusterUnitSelector.html	100644	ae726143957316c3c73c8a8123a61520b2b5b7577da9829ccadcd1d07750dc7c
	lib/freetts-1.2/javadoc/com/sun/speech/freetts/clunits/package-frame.html	100644	7b9a68fd3b94f7e291b17eef792073930ea545cdff08c8c3e24d7c7240f94f27
	lib/freetts-1.2/javadoc/com/sun/speech/freetts/clunits/package-summary.html	100644	66a11e988e1b2605d13f7809a02efabafeae9c15bb12782eba4081afbe00598f
	lib/freetts-1.2/javadoc/com/sun/speech/freetts/clunits/package-tree.html	100644	a4cf2ffc6f0e8b03672f9558cb3cd8fa7b15d1427d22f0c2075fc4ccd09dd817
	lib/freetts-1.2/javadoc/com/sun/speech/freetts/diphone/AliasDiphone.html	100644	be20443ad34ecd66f0079d86d22fdc06dcac0a5bfc8627477375d447c9967226
	lib/freetts-1.2/javadoc/com/sun/speech/freetts/diphone/Diphone.html	100644	f457fcdf6f595b03649c8e35538241680c31e20a2169b0e77a761b8e3cd62942
	lib/freetts-1.2/javadoc/com/sun/speech/freetts/diphone/DiphonePitchmarkGenerator.html	100644	f6916dddb7621d9e6f3678193a66bda3a3d15d36b66d70974525b012e5d02a0c
	lib/freetts-1.2/javadoc/com/sun/speech/freetts/diphone/DiphoneUnitDatabase.html	100644	3ad946b43767ef61e6e912b2bed054ac757e6c8a178cef272d39739763530135
	lib/freetts-1.2/javadoc/com/sun/speech/freetts/diphone/DiphoneUnitSelector.html	100644	d2d51f9c6e46b09339330d8562b24d5e7cce8737e40a58e3b1d2f8b937290785
	lib/freetts-1.2/javadoc/com/sun/speech/freetts/diphone/package-frame.html	100644	fc99779ddc2d4527342d4301825a0b59c2e91bd9520865fba627102fe890d2a0
	lib/freetts-1.2/javadoc/com/sun/speech/freetts/diphone/package-summary.html	100644	3ef4351ac8421456327c49c7ea5b3db189a6b3c898460a1a22363315fb6fbcaf
	lib/freetts-1.2/javadoc/com/sun/speech/freetts/diphone/package-tree.html	100644	fa79a96bcec26528835b89150a32c35944c056bd50ef4d3927e7ec98168a78f1
	lib/freetts-1.2/javadoc/com/sun/speech/freetts/en/ContourGenerator.html	100644	90b9654251d8edc6b79bac79fa12384eb3efa51ed7630f63f3d93be68fbcc7ca
	lib/freetts-1.2/javadoc/com/sun/speech/freetts/en/PartOfSpeechTagger.html	100644	952ae49ce30e2e0a2e3f14c1100a2e8bc4c9dbec565d972de72ae38b7dda278d
	lib/freetts-1.2/javadoc/com/sun/speech/freetts/en/PauseGenerator.html	100644	367eb856f3d6a2d6b9e833dfa66c1b40aeac60a5b5c36ada51c157f499436b15
	lib/freetts-1.2/javadoc/com/sun/speech/freetts/en/PostLexicalAnalyzer.html	100644	2b850413d8eb70143e3dfa7219952e04b5be0a8d82183251f76b8665f09a6176
	lib/freetts-1.2/javadoc/com/sun/speech/freetts/en/TokenizerImpl.html	100644	318b02695b61742aad0445cfd4de17797c0a692e730cd784dee239c3087fa9e5
	lib/freetts-1.2/javadoc/com/sun/speech/freetts/en/package-frame.html	100644	81b989022025c7461f1c4a01d69565531d07584d8f6dfa07e33671dd2219cc94
	lib/freetts-1.2/javadoc/com/sun/speech/freetts/en/package-summary.html	100644	1e3c34de2f790bf4182a19d49d87457a607fdea56bd7b4769766b328a2298b2c
	lib/freetts-1.2/javadoc/com/sun/speech/freetts/en/package-tree.html	100644	5743f1cfb1c2b1573cc848bb53c63366a62689d62de5b4838bcb711deb940ebd
	lib/freetts-1.2/javadoc/com/sun/speech/freetts/en/us/CMUArcticVoice.html	100644	39819765a71e087559bca68d3e0c6c0049de8d0add56ebf617d3b2e388bb8e18
	lib/freetts-1.2/javadoc/com/sun/speech/freetts/en/us/CMUClusterUnitVoice.html	100644	d55bfd61868e3972c8501033b6a11591972216dcea10c2b08dd70146ce4f3673
	lib/freetts-1.2/javadoc/com/sun/speech/freetts/en/us/CMUDiphoneVoice.html	100644	8b57441538f02b01731085082c3e2c999c533cb2480638e28edb77e7812c103e
	lib/freetts-1.2/javadoc/com/sun/speech/freetts/en/us/CMULexicon.html	100644	d267d0283a2ae9dc7c1824c675ce8a730c66cd1a2133530504f59c85dbd4c5c2
	lib/freetts-1.2/javadoc/com/sun/speech/freetts/en/us/CMUTimeLexicon.html	100644	2d065ce24d504fbeac20680fe67a0ef107d39d9f02f071504e91e978a040f24f
	lib/freetts-1.2/javadoc/com/sun/speech/freetts/en/us/CMUTimeVoice.html	100644	292ce73179ebf4c15b27565a1acb0d3293ca8e8cc46906866829b0e56d5d11f6
	lib/freetts-1.2/javadoc/com/sun/speech/freetts/en/us/CMUVoice.html	100644	437d599033d7301c97333f2e991a5377891f6bca636019a5ad2d0305c91c51cf
	lib/freetts-1.2/javadoc/com/sun/speech/freetts/en/us/FeatureProcessors.Accented.html	100644	0cac8d8659d0eda893dd5ab03c545cd8ae773612d231ada6bf37210b2013e5ad
	lib/freetts-1.2/javadoc/com/sun/speech/freetts/en/us/FeatureProcessors.AccentedSylIn.html	100644	30dcc9bf2ca24309fe142277e3035042ce1a87284db47edbf071281344f446cc
	lib/freetts-1.2/javadoc/com/sun/speech/freetts/en/us/FeatureProcessors.Gpos.html	100644	59c3c4cdf01c63f5bcb4f15ee14e5db4d4139e426d1d27bf8b08b6527bee8a77
	lib/freetts-1.2/javadoc/com/sun/speech/freetts/en/us/FeatureProcessors.LastAccent.html	100644	79d3f1ce88ed4c7e9d1afbe83b701ac2dbfdcf42b0af44b2a60851d288b3f6b2
	lib/freetts-1.2/javadoc/com/sun/speech/freetts/en/us/FeatureProcessors.MonthRange.html	100644	12059fab0ad489f7946b57eb45c26ba853953ab6c88b9a66bb1aafb0960ecf67
	lib/freetts-1.2/javadoc/com/sun/speech/freetts/en/us/FeatureProcessors.NumDigits.html	100644	bcf9073e6dd046dd9c56a7f8786e6c077f659555ab15e1024d20780d876c83dc
	lib/freetts-1.2/javadoc/com/sun/speech/freetts/en/us/FeatureProcessors.PH_CPlace.html	100644	d744a7cf8bf602fd9d3e739af4a62d14a107cd3ae22e797faaa5f40c40264da0
	lib/freetts-1.2/javadoc/com/sun/speech/freetts/en/us/FeatureProcessors.PH_CType.html	100644	6d21ac050f900be43e5247f03cf3694d6bad23b3a6e4f12a771c29128eacc792
	lib/freetts-1.2/javadoc/com/sun/speech/freetts/en/us/FeatureProcessors.PH_CVox.html	100644	008164c860afc27ec976168fb38281bc1311a3aff42b335f4be08d5a7fd18bb5
	lib/freetts-1.2/javadoc/com/sun/speech/freetts/en/us/FeatureProcessors.PH_VC.html	100644	50bbdfa57171fcb7122a961c6142b3aeec67eb2e93e40b9c6102fa0855c6dce0
	lib/freetts-1.2/javadoc/com/sun/speech/freetts/en/us/FeatureProcessors.PH_VFront.html	100644	6fc3c26b1f9d277ad76bc5fa7726cf826b43425c9a8bef3e2811d780ab65df3a
	lib/freetts-1.2/javadoc/com/sun/speech/freetts/en/us/FeatureProcessors.PH_VHeight.html	100644	86ade788ce0c98d5b820c818ec4d11288c1f5e6921c3039087504c3965fe1203
	lib/freetts-1.2/javadoc/com/sun/speech/freetts/en/us/FeatureProcessors.PH_VLength.html	100644	a575e1d01e68e6c00353a5abc594a8febbcce0b460d91257b56a6839cce4bf3b
	lib/freetts-1.2/javadoc/com/sun/speech/freetts/en/us/FeatureProcessors.PH_VRnd.html	100644	b31c7b050c1f6fce94e847525498dbed30a1c0c7469c616f0f71e8f806002029
	lib/freetts-1.2/javadoc/com/sun/speech/freetts/en/us/FeatureProcessors.PosInSyl.html	100644	7557c8513542158fe34d8a10a941d57186b2f7b78736ab96684e059256fe448a
	lib/freetts-1.2/javadoc/com/sun/speech/freetts/en/us/FeatureProcessors.PositionType.html	100644	1c5656884d2aaa86eefad33f7139a0be61a0bd129b5db17f3c80fbc82e38e509
	lib/freetts-1.2/javadoc/com/sun/speech/freetts/en/us/FeatureProcessors.SegCodaFric.html	100644	d3fa36f37e4fb4dccf1811f1a6c0e02bc61f8115e94d15b0af3f646460526363
	lib/freetts-1.2/javadoc/com/sun/speech/freetts/en/us/FeatureProcessors.SegCodaGlide.html	100644	5c217c41190a208f142dd1ea699b63182e823807c1fa748a65b3a344df6d4a7d
	lib/freetts-1.2/javadoc/com/sun/speech/freetts/en/us/FeatureProcessors.SegCodaNasal.html	100644	ca7fabd23295bab494294b2653e09eff24b2f30a917eb5eef21e409cb7094235
	lib/freetts-1.2/javadoc/com/sun/speech/freetts/en/us/FeatureProcessors.SegCodaStop.html	100644	a26cf3de855489d3ad10b36b12f5e64fe2d48e7059957e60fdf5a48f9c55b337
	lib/freetts-1.2/javadoc/com/sun/speech/freetts/en/us/FeatureProcessors.SegOnsetCoda.html	100644	2872fc0705daeff4371f9185e86a2fbf0aa0601b59cb50e430c604fbfb8b8434
	lib/freetts-1.2/javadoc/com/sun/speech/freetts/en/us/FeatureProcessors.SegOnsetFric.html	100644	4cc4f174c0e32dec257c87c420ac28c32baff84f4ab7a286c814fa735518f498
	lib/freetts-1.2/javadoc/com/sun/speech/freetts/en/us/FeatureProcessors.SegOnsetGlide.html	100644	5b3622031b86a5ed808209c78e0aa66b4ea28d0b0a5ff49a6444590c69b20a60
	lib/freetts-1.2/javadoc/com/sun/speech/freetts/en/us/FeatureProcessors.SegOnsetNasal.html	100644	365a3e6421e2085c0cb59f67021531fbae3c44988de65f167b8c883f0179c371
	lib/freetts-1.2/javadoc/com/sun/speech/freetts/en/us/FeatureProcessors.SegOnsetStop.html	100644	1e25480e8a5118ee54ae5e2e77cd1372fa801e4f20a892b408379c2b339a9298
	lib/freetts-1.2/javadoc/com/sun/speech/freetts/en/us/FeatureProcessors.SegmentDuration.html	100644	eb51dc7b7193ed134cb136c8b58f8d3446fd426a783dbf607aae90f30ae55fb5
	lib/freetts-1.2/javadoc/com/sun/speech/freetts/en/us/FeatureProcessors.StressedSylIn.html	100644	5a338f138abca08133b5f24b81ea309be46c3d4bcc424eb9666d162c684bf4fb
	lib/freetts-1.2/javadoc/com/sun/speech/freetts/en/us/FeatureProcessors.StressedSylOut.html	100644	0f35be99fc3ad19acff332c8c1bcfff166e638575c648ecc349bfc4235f1ec28
	lib/freetts-1.2/javadoc/com/sun/speech/freetts/en/us/FeatureProcessors.SubPhrases.html	100644	7bb7f5effe556ed51248f5e2ec0e7a889a5ceeac341680c4ccfff4578d9a6838
	lib/freetts-1.2/javadoc/com/sun/speech/freetts/en/us/FeatureProcessors.SylBreak.html	100644	2b7efe5d5fd6a6b4a88a4e907c6278c312b30bc8401f8d8a355c246ee67257e4
	lib/freetts-1.2/javadoc/com/sun/speech/freetts/en/us/FeatureProcessors.SylCodaSize.html	100644	2392a58cd0d325553e081fc7e9b1e2f1d3845f31f693f12dc0e5750fb37c1397
	lib/freetts-1.2/javadoc/com/sun/speech/freetts/en/us/FeatureProcessors.SylIn.html	100644	37b4251833e1a2453a6f48c8d10d5a7de114fda9ff6e36c24836d0be78edd071
	lib/freetts-1.2/javadoc/com/sun/speech/freetts/en/us/FeatureProcessors.SylOnsetSize.html	100644	06b092246a5ce18395b591c26e3890ad846b003c2e55a017496f7339b2f85802
	lib/freetts-1.2/javadoc/com/sun/speech/freetts/en/us/FeatureProcessors.SylOut.html	100644	34eaa45bcc6c9ec89f1c5abbd3bb8a0c1cf9576358404c8728e6bce541293a0c
	lib/freetts-1.2/javadoc/com/sun/speech/freetts/en/us/FeatureProcessors.TokenPosGuess.html	100644	45a8159356e842a7964268c6fdc8f9804a8a925b6348c7ab9109d7abce939e84
	lib/freetts-1.2/javadoc/com/sun/speech/freetts/en/us/FeatureProcessors.WordBreak.html	100644	39909ee2d0192da66654ba96b77de1fbef9a29c25aac20635dcec205870a2ac8
	lib/freetts-1.2/javadoc/com/sun/speech/freetts/en/us/FeatureProcessors.WordNumSyls.html	100644	5edd1d3003f5e00c395c94cde040c881cfe4e408d70c110350bb68041c0fc094
	lib/freetts-1.2/javadoc/com/sun/speech/freetts/en/us/FeatureProcessors.WordPunc.html	100644	0ce0722cd1fa43e94c32460326d9c85afc92f3a9a0d78541dd670d8352c01a38
	lib/freetts-1.2/javadoc/com/sun/speech/freetts/en/us/FeatureProcessors.html	100644	9dd76bfead640755c20f5d2fe30282de2105625b78290197cf66ca605435e413
	lib/freetts-1.2/javadoc/com/sun/speech/freetts/en/us/NumberExpander.html	100644	f97f81404eaaf5f5c7e1aabf23f7e0281822bd4b4b7873df32652fdf36a0704e
	lib/freetts-1.2/javadoc/com/sun/speech/freetts/en/us/PrefixFSM.html	100644	0079d6c06f64271871ae3acd5c973966480a41c5382003ee2f8f1c20eba8bc28
	lib/freetts-1.2/javadoc/com/sun/speech/freetts/en/us/PronounceableFSM.html	100644	2278ae2dbd6e0427727a4846b99d4945993f74b6c58bd4e08e626a947c40b8e1
	lib/freetts-1.2/javadoc/com/sun/speech/freetts/en/us/SuffixFSM.html	100644	8a42f4764adda876882dceb64977a63f0a3386143ba7d58a56f9874c707571ff
	lib/freetts-1.2/javadoc/com/sun/speech/freetts/en/us/TokenToWords.html	100644	8d4d07a3336de6087bc9f77c2741bc608da5792fefabf1398743b894e6dbd3c0
	lib/freetts-1.2/javadoc/com/sun/speech/freetts/en/us/USEnglish.html	100644	ca706b6ac51ae6f8459428c762bfdab33d43421d8d402a4c2caaf5403df1f170
	lib/freetts-1.2/javadoc/com/sun/speech/freetts/en/us/WordRelation.html	100644	a12376dbd85e375cb9f8471ca09229c533a6a681b72a1e0daa40acc8a872bba4
	lib/freetts-1.2/javadoc/com/sun/speech/freetts/en/us/package-frame.html	100644	77d78d2deede25f79ab6e0127bcfec822adf9544e2c3d583618221619badaec2
	lib/freetts-1.2/javadoc/com/sun/speech/freetts/en/us/package-summary.html	100644	96b92386c1390b116965dacc2dbdab46bcc7b7ee0020b4b8e1670226bf19c694
	lib/freetts-1.2/javadoc/com/sun/speech/freetts/en/us/package-tree.html	100644	0ea19ef43d277618f7414bef55597a36927cab3e764f166d0534d923793e5500
	lib/freetts-1.2/javadoc/com/sun/speech/freetts/jsapi/FreeTTSEngineCentral.html	100644	0d51b80488024d974c72520871ffd0cacd22f1cb057a386979c3c58cf567ba74
	lib/freetts-1.2/javadoc/com/sun/speech/freetts/jsapi/FreeTTSSynthesizer.html	100644	351dd5a18131b7ac718271d385b92572c0a12575f1e50e050058075f328e0d25
	lib/freetts-1.2/javadoc/com/sun/speech/freetts/jsapi/FreeTTSSynthesizerModeDesc.html	100644	4e8a1bc58b2d596a68c245d0d49c50cb52ccd905ccb2416d10891b2f7fcc1b71
	lib/freetts-1.2/javadoc/com/sun/speech/freetts/jsapi/FreeTTSSynthesizerQueueItem.html	100644	6546c3d3ea7f5e8f3d038c98b0436db6ff771b983618ad0afe1d2f901b4d29ba
	lib/freetts-1.2/javadoc/com/sun/speech/freetts/jsapi/FreeTTSVoice.html	100644	2a47902dd53f774d58e19746d188cc31825734a8d9cca35b8f80c5464054da99
	lib/freetts-1.2/javadoc/com/sun/speech/freetts/jsapi/package-frame.html	100644	4555bfc5c0933e3bd7ad9dbcc9c09d5a09a5d142ac02e8ebaa7cd88c213ea6c6
	lib/freetts-1.2/javadoc/com/sun/speech/freetts/jsapi/package-summary.html	100644	49cbee13ad53fac2f04192a43db3864090b1ab371cd7430c72a5a027902b693a
	lib/freetts-1.2/javadoc/com/sun/speech/freetts/jsapi/package-tree.html	100644	7b31a9a33e3b5df3290054461ff80d991c5b32daeda0396c12b272c8a444847e
	lib/freetts-1.2/javadoc/com/sun/speech/freetts/lexicon/LetterToSound.html	100644	eb8fef70e82407720e1cdecf465a1816d3b1e040e7241312ec57a92b58bec105
	lib/freetts-1.2/javadoc/com/sun/speech/freetts/lexicon/LetterToSoundImpl.html	100644	476cf38cd8f158628ada16ff1957f664c5bf378afb94256f4061af676c50c75d
	lib/freetts-1.2/javadoc/com/sun/speech/freetts/lexicon/Lexicon.html	100644	9c86eb586456ade634d044ac9896541323aa6574656349307a364840e1d6c044
	lib/freetts-1.2/javadoc/com/sun/speech/freetts/lexicon/LexiconImpl.html	100644	dbafb3ed29d4477ff0d4cd13d43aec27f4cb4bb5cac6ab9c55789032556bdc76
	lib/freetts-1.2/javadoc/com/sun/speech/freetts/lexicon/package-frame.html	100644	4fd84cac6305233dad8d301f990cddcff65d4c81aeae96945bf330cfce277c45
	lib/freetts-1.2/javadoc/com/sun/speech/freetts/lexicon/package-summary.html	100644	42e5de4597086890b09110073c75983e5651d73cf79ad2c5c6b210c06871f1a0
	lib/freetts-1.2/javadoc/com/sun/speech/freetts/lexicon/package-tree.html	100644	f7c6ac4db1e4918594b6503a4cd843f9677fd6f6133631dd2337101aef6347c8
	lib/freetts-1.2/javadoc/com/sun/speech/freetts/package-frame.html	100644	d0abbaf43c806e937213aff62e0a6b27449f884afae7852938364fe2036b48c8
	lib/freetts-1.2/javadoc/com/sun/speech/freetts/package-summary.html	100644	67c2adc75228b98c8046feacf08bcb3223d159e129267b0a99c062b868c4243d
	lib/freetts-1.2/javadoc/com/sun/speech/freetts/package-tree.html	100644	a7ba8b4a2b1a88842f2d8d9a5b646c2b950a3cf1b378bb2dcad7dd047ce96cfd
	lib/freetts-1.2/javadoc/com/sun/speech/freetts/relp/AudioOutput.html	100644	ca29ded527bf1f049909bb4e03757637a04408223e6abfac7d70a906e4192d3d
	lib/freetts-1.2/javadoc/com/sun/speech/freetts/relp/LPCResult.html	100644	591a96e5affb182991d2915ab15ba47d8bf85321e70c711d3690a83d6dfe643c
	lib/freetts-1.2/javadoc/com/sun/speech/freetts/relp/Sample.html	100644	b45df66b6b8a26918d5ed60ae315b36b8c237cb9ea17c6ff1471c4099fb30805
	lib/freetts-1.2/javadoc/com/sun/speech/freetts/relp/SampleInfo.html	100644	cc750a25387a7fb264f82c7cd4866ad4980af0997932402d522f9e623c2af6ba
	lib/freetts-1.2/javadoc/com/sun/speech/freetts/relp/SampleSet.html	100644	a2ea4b65761af8cc4a1cce51e5998965d089d8e708d99e2821e0dd4dc93340f5
	lib/freetts-1.2/javadoc/com/sun/speech/freetts/relp/UnitConcatenator.html	100644	aba962a3767967a0c947fa4539bba07272e033286ccc257fd3f7931117609f6d
	lib/freetts-1.2/javadoc/com/sun/speech/freetts/relp/package-frame.html	100644	0fff0adef1ceb56c44c7069848160f220bd4b53256aea7b1892cf5bd036ee39f
	lib/freetts-1.2/javadoc/com/sun/speech/freetts/relp/package-summary.html	100644	f6dddfa89a9d8217736b05727fd8ca751c7f6377af9c8982d50aae0c6a80c0fc
	lib/freetts-1.2/javadoc/com/sun/speech/freetts/relp/package-tree.html	100644	752e5647fa6591e55ba36124f849bd74a4f92a72d186c402be975a5c3b08060c
	lib/freetts-1.2/javadoc/com/sun/speech/freetts/util/BulkTimer.html	100644	4b54ed634fbf5583677312031b37a1c87cf985fe07187a06b60a3d0ab7d307bf
	lib/freetts-1.2/javadoc/com/sun/speech/freetts/util/SegmentRelationUtils.html	100644	b33da61ead294bf9add18a88b62c7f52f77bb6a84da52c0365a77c92a89b11d5
	lib/freetts-1.2/javadoc/com/sun/speech/freetts/util/Timer.html	100644	f1b42a7fef2497cfc4892340f118aa9f3f1e8fa8b150d167be8a9dfcc330c9d7
	lib/freetts-1.2/javadoc/com/sun/speech/freetts/util/Utilities.html	100644	853ebebc63e770b3615d9f26a18cb42fa8738f38630e8eb7cf0455ebf4bff9d9
	lib/freetts-1.2/javadoc/com/sun/speech/freetts/util/WaveUtils.html	100644	dd88440ced596ce888a96356dee97abe03de6dbfae5b27911925c243893b2eb0
	lib/freetts-1.2/javadoc/com/sun/speech/freetts/util/package-frame.html	100644	7e423064e72ee80b78f5489ddc1120c2eecbca0dc781a4b83f27c87226847316
	lib/freetts-1.2/javadoc/com/sun/speech/freetts/util/package-summary.html	100644	26866372f19a587bd8788fb0ab721e36b3d0b65e1a5cc4c51ff8eaea00101e48
	lib/freetts-1.2/javadoc/com/sun/speech/freetts/util/package-tree.html	100644	45daa555351ec2340c18fe3d70c1b5f8476ad2e1612b33bc971902149e49a309
	lib/freetts-1.2/javadoc/constant-values.html	100644	bad9647b221e204c46caaaffedb3eaa972cb2378a9610bd408eba7f091538751
	lib/freetts-1.2/javadoc/de/dfki/lt/freetts/en/us/MbrolaVoice.html	100644	d8713d0377b95ec9b6435ebd5428cda46e26c17c78650a8051416d7d0994947b
	lib/freetts-1.2/javadoc/de/dfki/lt/freetts/en/us/MbrolaVoiceDirectory.html	100644	1d7a7bcac7646f33ee276cdd0a2f6d5664029e87ab2be86bf680a573ec22fa8d
	lib/freetts-1.2/javadoc/de/dfki/lt/freetts/en/us/MbrolaVoiceValidator.html	100644	1f0e3f2a0dbec3626f36321000a66afc028a15aa54ed8178ead8e11cee64ee67
	lib/freetts-1.2/javadoc/de/dfki/lt/freetts/en/us/package-frame.html	100644	e8df873ad16314634618e15d49beb23d3f6c5785f21a37e04e3a96ad5dd05f53
	lib/freetts-1.2/javadoc/de/dfki/lt/freetts/en/us/package-summary.html	100644	27af9fb740a961887d9b3a062a73dc5f062eea28e0017307c20d04f1affdb2a4
	lib/freetts-1.2/javadoc/de/dfki/lt/freetts/en/us/package-tree.html	100644	cced1415995c6bbf0daf4839af6bc875636132b8b7421763c10314a09b1013c0
	lib/freetts-1.2/javadoc/de/dfki/lt/freetts/mbrola/MbrolaAudioOutput.html	100644	62ceda3761b95ca2494021a9a0b43ba85c0daec4678e61173189467f9d29f7a1
	lib/freetts-1.2/javadoc/de/dfki/lt/freetts/mbrola/MbrolaCaller.html	100644	b3b88fe6302f2bb10f86e7157b57b0aa3bf1de81f9ee40c4ce87318807a18383
	lib/freetts-1.2/javadoc/de/dfki/lt/freetts/mbrola/ParametersToMbrolaConverter.html	100644	a38d16d6f7478f888d19a850379fc677ca52e5bc792a5c9b228c652fd8267eeb
	lib/freetts-1.2/javadoc/de/dfki/lt/freetts/mbrola/package-frame.html	100644	8b8d0111c13a51886d42667625653710bafafae58da5d893eeaf4c879177eeb2
	lib/freetts-1.2/javadoc/de/dfki/lt/freetts/mbrola/package-summary.html	100644	6a2a84aa4c59e110f665ecdca1f72a0661d3137d3b87f3d9bdb9b3e29bf0a71d
	lib/freetts-1.2/javadoc/de/dfki/lt/freetts/mbrola/package-tree.html	100644	d4487ddb313e919f5ba3cff9db14134f449cd2b7c436f536d3419bca20bc4d26
	lib/freetts-1.2/javadoc/deprecated-list.html	100644	287035cabcaa232e93cb90f97ee2e7cda613e5ffc375431849506573b0a00acd
	lib/freetts-1.2/javadoc/help-doc.html	100644	173f075de1be22567585a79c0d931145a410c3d5e396358c188164615655e5e8
	lib/freetts-1.2/javadoc/index-all.html	100644	51d3c8786ea3750a1a157d61aca4a38a19e78878bd9be11cec224a6ca1312ea4
	lib/freetts-1.2/javadoc/index.html	100644	0024aa7ed27f54627061ae491b1e545667ac03a7483d6cb5ad91393721588eee
	lib/freetts-1.2/javadoc/overview-frame.html	100644	33f11dcf258b1a050725afc8a55bbf1289f82f7f6ec0525b55e140aff7abcdbf
	lib/freetts-1.2/javadoc/overview-summary.html	100644	357da2ebf25498d5ea53ab10ed94e28218b6624e0c6d32185a25aa52421ed7c2
	lib/freetts-1.2/javadoc/overview-tree.html	100644	5f2d91db076260e12989c815859c56976b1b91ece73ce86e279cdd44deb6c6ed
	lib/freetts-1.2/javadoc/package-list	100644	7f17fee662d878401855221d49d467e50f1d7869e337ecbca593de09264b7aa7
	lib/freetts-1.2/javadoc/packages.html	100644	5e9404fb8a3ba5f0572c2036d8724a8264eb6d91fbcf635232d98ac06bb7f362
	lib/freetts-1.2/javadoc/resources/inherit.gif	100644	0213f3dca0cb17d6dfc4449c62833d8ba7153dfed5532002b9690fdfba7d75e0
	lib/freetts-1.2/javadoc/serialized-form.html	100644	9c692656892579a9e5fe378d410d4293d578f63891d03a82412802b07a8edb85
	lib/freetts-1.2/javadoc/stylesheet.css	100644	14756de2cc2cbd273dc4ee0d0cb7c88aaeb083b31584063eecb718086a2fc265
	lib/freetts-1.2/lib/README.txt	100644	dfafa00b98655ce662b272f65c44c115f2f1def724ed172ca3fee3d24dcee09a
	lib/freetts-1.2/lib/cmu_time_awb.jar	100644	bac88676518fc4b753e1b06cdca9a4f19eeba3ee9ec3ebab9695d6f4ad90a422
	lib/freetts-1.2/lib/cmu_us_kal.jar	100644	7f9c46fad77f657e417e953653894293b9f806fdcb85ad7d0e5f4268fb1c1f85
	lib/freetts-1.2/lib/cmudict04.jar	100644	c9951e09c20018b763c285286b657f99b875368ad81f0df8e44b3b1e5433dd23
	lib/freetts-1.2/lib/cmulex.jar	100644	538c8fc16abde6f11c4dee618588570289cf52ea6f182f1c1d47f97d709af69d
	lib/freetts-1.2/lib/cmutimelex.jar	100644	6c0255dc66f36208961c6d0b361a527287d4c43b1eff61d5f03c322a7107a05e
	lib/freetts-1.2/lib/en_us.jar	100644	1fb88fdffdc75f7cf75931ae890503ae382e31c9e7379fcb4ed116ff5e6d7d5b
	lib/freetts-1.2/lib/freetts-jsapi10.jar	100644	afd78d623a0b7e3b8458e6ae3b5e3ab985c27fc170b23f0885deb0001277168d
	lib/freetts-1.2/lib/freetts.jar	100644	af16eac3cab116c84ce977e68544c9693ed6286d4f9b9e4747b6d8a79b3af66b
	lib/freetts-1.2/lib/jsapi.exe	100644	85786dfebe5683473810e53cef0f57b914d05de0b3a82d92ea1ffa55acd49121
	lib/freetts-1.2/lib/jsapi.sh	100644	8160d4da65386a883ad422a8fd828c80c8b7bb5538e69785d5d3e01b6fda3ef6
	lib/freetts-1.2/lib/mbrola.jar	100644	10f7f3f47695847ec9939e2a1b6cfb7745c2484adab4eeff4ee9c110abd4b56e
	lib/freetts-1.2/lib/voices.txt	100644	aa893bac3a18a733863f56544359da388929a601a001c762a7a37a936b01bb07
	lib/freetts-1.2/mbrola/README.html	100644	e0df75d9729a100190e541e5e1715e8f7b9781237f4580367266a0bd9e466d6d
	lib/freetts-1.2/mbrola/mbrola.jar	100644	10f7f3f47695847ec9939e2a1b6cfb7745c2484adab4eeff4ee9c110abd4b56e
	lib/freetts-1.2/speech.properties	100644	929d7f69011d9e950e7807e8ae820236f7319c45eea8ae7f9227a391df3323ee
	lib/freetts-jsapi10.jar	100644	afd78d623a0b7e3b8458e6ae3b5e3ab985c27fc170b23f0885deb0001277168d
	lib/freetts.jar	100644	af16eac3cab116c84ce977e68544c9693ed6286d4f9b9e4747b6d8a79b3af66b
	lib/httpcore5-5.3.3-tests.jar	100644	c084803119dee1b3bcbbdc561fc54ba1196c13bd000e7d58331a849de2fbbf2d
	lib/httpcore5-5.3.3.jar	100644	087b7ae9bde9d3518b4b5d06f3560d7fd0db04098655e76b64e791773847d503
	lib/httpcore5-h2-5.3.3.jar	100644	a121f4b14ec525e54e29b9f5db7b93f4a97e088774e81c7143b5198f67d81bec
	lib/httpcore5-reactive-5.3.3.jar	100644	d790551154ec824dd21fae45c22230ec490d483142fe96b8ac483865d3dba410
	lib/httpcore5-testing-5.3.3.jar	100644	cfd607d1b32441e27698141ac8d66fb597b9963b9e5f75640478e968267fc8ff
	lib/httpmime-4.5.14.jar	100644	d401243d5c6eae928a37121b6e819158c8c32ea0584793e7285bb489ab2a3d17
	lib/jsapi.exe	100644	85786dfebe5683473810e53cef0f57b914d05de0b3a82d92ea1ffa55acd49121
	lib/jsapi.sh	100644	8160d4da65386a883ad422a8fd828c80c8b7bb5538e69785d5d3e01b6fda3ef6
	lib/mbrola.jar	100644	10f7f3f47695847ec9939e2a1b6cfb7745c2484adab4eeff4ee9c110abd4b56e
	lib/reactive-streams-1.0.4.jar	100644	f75ca597789b3dac58f61857b9ac2e1034a68fa672db35055a8fb4509e325f28
	lib/rxjava-2.2.21.jar	100644	59df6541a840018f0f4c899aae4f4c1f4383f4c16feb5268615fbe384d28501c
	lib/rxjava-3.1.9.jar	100644	88cba16c7f0fe78a8cc9b8c46469c8596cf166037ce22c2adfc4440cd6312e20
	lib/slf4j-api-1.7.36.jar	100644	d3ef575e3e4979678dc01bf1dcce51021493b4d11fb7f1be8ad982877c16a1c0
	lib/sphinx4-5prealpha-src/README	100644	a25751723fd8974d5b7685ce26af9f40d93647f7f95f199cbfa38b8d816596af
	lib/sphinx4-5prealpha-src/RELEASE_NOTES	100644	b62980338963425198ad778873b6030041b84b15d86d08a1b27194edbbb4ff5c
	lib/sphinx4-5prealpha-src/build.gradle	100644	2dc01ad15fdbfaddac3670ed35e0af16d2127f801d9103905a24941d1cb08c9d
	lib/sphinx4-5prealpha-src/doc/Sphinx4_Whitepaper_2003.pdf	100644	7c3dfa8c76bf1f03430fa542bfc9ead909a51e24c3fc968d2e306bfca2912772
	lib/sphinx4-5prealpha-src/doc/speaker_adaptation.txt	100644	c441e37e87b9557066809df323620a98cac4ad7eb2b8e2eadc1969aa8c70a9fc
	lib/sphinx4-5prealpha-src/license.terms	100644	4b91a73965e5aec4b808c71863960fca75407cd0dd97e868498f7915b6f38401
	lib/sphinx4-5prealpha-src/settings.gradle	100644	6a48382053b7d31214549e5687978b6d72b2b47e487fe0cc0aa9ae223c3df0a2
	lib/sphinx4-5prealpha-src/sphinx4-core/build.gradle	100644	067ca7fce508b276f11cbcb8ccbb0bf37cac44fc5099b53be96d5c6b3ecb14b0
	lib/sphinx4-5prealpha-src/sphinx4-core/src/main/java/edu/cmu/sphinx/alignment/LongTextAligner.java	100644	bfa195f011800278d458471fd3b31bf4f974d1a43899de5fd07b77e5c1d3554d
	lib/sphinx4-5prealpha-src/sphinx4-core/src/main/java/edu/cmu/sphinx/alignment/SimpleTokenizer.java	100644	7023d74359f9e06d1993475a317ed7734d58e6e1f9042be1fc8293daeb91c868
	lib/sphinx4-5prealpha-src/sphinx4-core/src/main/java/edu/cmu/sphinx/alignment/TextTokenizer.java	100644	75406794f698db883b144c9892e974dc6f59b30f6439dff70f5637c33ba871e1
	lib/sphinx4-5prealpha-src/sphinx4-core/src/main/java/edu/cmu/sphinx/alignment/Token.java	100644	376723cd70bec08b2d4837c6c49baecb0d1a94b74e1c43be443995d831be414b
	lib/sphinx4-5prealpha-src/sphinx4-core/src/main/java/edu/cmu/sphinx/alignment/USEnglishTokenizer.java	100644	83ad25ec027b81ee6b9a8fb16d2471f25ffe7e4122b5391f6d651c4c05f5e5ec
	lib/sphinx4-5prealpha-src/sphinx4-core/src/main/java/edu/cmu/sphinx/alignment/tokenizer/CharTokenizer.java	100644	57641274a7f3098d06e82b87401c29ccd54e5fa0fb73cca72d3d134b0c3328fb
	lib/sphinx4-5prealpha-src/sphinx4-core/src/main/java/edu/cmu/sphinx/alignment/tokenizer/DecisionTree.java	100644	1fd9f6e1222d007dd1588023e819f05e89f91419754c030b05b138da5026a2c0
	lib/sphinx4-5prealpha-src/sphinx4-core/src/main/java/edu/cmu/sphinx/alignment/tokenizer/FeatureSet.java	100644	ed328dbd06d95a159ebaa8a9c26127173bab4a8a77a97d1a3682696be2967cfe
	lib/sphinx4-5prealpha-src/sphinx4-core/src/main/java/edu/cmu/sphinx/alignment/tokenizer/Item.java	100644	923fc476f094779ffd58cc9f5aa61c9ce83aca3beea49cc38c7b516ab459eccf
	lib/sphinx4-5prealpha-src/sphinx4-core/src/main/java/edu/cmu/sphinx/alignment/tokenizer/ItemContents.java	100644	8dd55a4e50a911b237f5266eb57ce9aac4f51ca74f52c77370028bef249d7e5e
	lib/sphinx4-5prealpha-src/sphinx4-core/src/main/java/edu/cmu/sphinx/alignment/tokenizer/NumberExpander.java	100644	592086a12daab4919ebb2475a3fe48893b8c6017418a7677604e2e1ce67bb845
	lib/sphinx4-5prealpha-src/sphinx4-core/src/main/java/edu/cmu/sphinx/alignment/tokenizer/PathExtractor.java	100644	15a248f5890d33e78e7d6709a56446318d6e079d459faba1d835769f8818887b
	lib/sphinx4-5prealpha-src/sphinx4-core/src/main/java/edu/cmu/sphinx/alignment/tokenizer/PrefixFSM.java	100644	7f29b82a30298a882044ecb6d8eb1044a1292e249c54acfb7bfda20db36562c6
	lib/sphinx4-5prealpha-src/sphinx4-core/src/main/java/edu/cmu/sphinx/alignment/tokenizer/PronounceableFSM.java	100644	25b55b545edde7a9972140486cf6da967867301cd1a082638d6f8b4aac0f46f8
	lib/sphinx4-5prealpha-src/sphinx4-core/src/main/java/edu/cmu/sphinx/alignment/tokenizer/Relation.java	100644	74f0ede9a06316f1c0d1a4b1addfdd602342fe0bf4e5eba1c7dc6101a34e8058
	lib/sphinx4-5prealpha-src/sphinx4-core/src/main/java/edu/cmu/sphinx/alignment/tokenizer/SuffixFSM.java	100644	0e5915cf7f39082488b58628ab3f8ecb20d750fd80c8cce60e1d44d1aaa34e2e
	lib/sphinx4-5prealpha-src/sphinx4-core/src/main/java/edu/cmu/sphinx/alignment/tokenizer/Utterance.java	100644	a8840f936a323d84be2af2464ce0dd633a705c5d98c88701886e2302e2d21299
	lib/sphinx4-5prealpha-src/sphinx4-core/src/main/java/edu/cmu/sphinx/alignment/tokenizer/WordRelation.java	100644	b82540f448cf6ccd3b6237956af9e877dbc3f13a3d495ea476367459c8d50152
	lib/sphinx4-5prealpha-src/sphinx4-core/src/main/java/edu/cmu/sphinx/api/AbstractSpeechRecognizer.java	100644	e60ffd5cb81300eb38f0f51585b2953a107e6d9178a43cede4899151eada75e1
	lib/sphinx4-5prealpha-src/sphinx4-core/src/main/java/edu/cmu/sphinx/api/Configuration.java	100644	22a57721781287bafc28b91eaaa61bca8f3e9eb3f4c0f87a2fa99964dd719191
	lib/sphinx4-5prealpha-src/sphinx4-core/src/main/java/edu/cmu/sphinx/api/Context.java	100644	2c77f8ab6ed496bd13d60dfb487f698ea848e805eb3b398b24ab3a708e06aab5
	lib/sphinx4-5prealpha-src/sphinx4-core/src/main/java/edu/cmu/sphinx/api/LiveSpeechRecognizer.java	100644	12a584603d7814d04fc029baccacf02888b12ef10f48c69848d612c9333c50d2
	lib/sphinx4-5prealpha-src/sphinx4-core/src/main/java/edu/cmu/sphinx/api/Microphone.java	100644	14f5db95b67e938b227ed5252e2f2954a8da478221abf1cf01662e4a66716a50
	lib/sphinx4-5prealpha-src/sphinx4-core/src/main/java/edu/cmu/sphinx/api/SpeechAligner.java	100644	b7901be1f7f7c666d590eb8f95b222540ee807942b51a531b38e0a12507bb1a8
	lib/sphinx4-5prealpha-src/sphinx4-core/src/main/java/edu/cmu/sphinx/api/SpeechResult.java	100644	0b119160492dba32caf722e67fa80709e85ef94d59f2ae36c35b988519537c85
	lib/sphinx4-5prealpha-src/sphinx4-core/src/main/java/edu/cmu/sphinx/api/SpeechSourceProvider.java	100644	bf54d481f5d5321443ec94d0ad3cb8037040db712185705e1448ca9d73ea491c
	lib/sphinx4-5prealpha-src/sphinx4-core/src/main/java/edu/cmu/sphinx/api/StreamSpeechRecognizer.java	100644	7d355f7983b030d6163af19de956852a84cf57c6302aaede6d6cac661e35cd5e
	lib/sphinx4-5prealpha-src/sphinx4-core/src/main/java/edu/cmu/sphinx/decoder/AbstractDecoder.java	100644	cf5fe17ab6e1435008f412763ae05fc357b9f0f9aadd84bec2c8f09c564a60b1
	lib/sphinx4-5prealpha-src/sphinx4-core/src/main/java/edu/cmu/sphinx/decoder/Decoder.java	100644	396fa3cced9a2cb379e28c0cd1b7cedaa10ef680135912ac94d534cd0973ae2e
	lib/sphinx4-5prealpha-src/sphinx4-core/src/main/java/edu/cmu/sphinx/decoder/FrameDecoder.java	100644	4540f520e771fdebdc15f69380be0b23493826d4bf44a64da86080c67a52a93c
	lib/sphinx4-5prealpha-src/sphinx4-core/src/main/java/edu/cmu/sphinx/decoder/ResultListener.java	100644	bc23e600f57fa39b00ac092c4feaafc3369488ae228f823218a4de7c02076855
	lib/sphinx4-5prealpha-src/sphinx4-core/src/main/java/edu/cmu/sphinx/decoder/ResultProducer.java	100644	94c29cea21f0d6bcb4a94150e360a85c9b9e6ae742b642c8940d909cb0707991
	lib/sphinx4-5prealpha-src/sphinx4-core/src/main/java/edu/cmu/sphinx/decoder/adaptation/ClusteredDensityFileData.java	100644	75bdd324ac2a58d24f39aa19128f7d8d0c9e111dd45ebf15b17fea669c40df89
	lib/sphinx4-5prealpha-src/sphinx4-core/src/main/java/edu/cmu/sphinx/decoder/adaptation/Stats.java	100644	f168b4cd55cc5266ecab72ab780da8be0d25143b19f01adc9ef726b3c8649c71
	lib/sphinx4-5prealpha-src/sphinx4-core/src/main/java/edu/cmu/sphinx/decoder/adaptation/Transform.java	100644	e54e15007910a76ea24bcaaeb75fabf8f317e5c3388bebe13b9834b55a3a1098
	lib/sphinx4-5prealpha-src/sphinx4-core/src/main/java/edu/cmu/sphinx/decoder/pruner/NullPruner.java	100644	a4fc8eea4370c29bb5aae3de5f78b388bfd1063eaf07996ed39330ec4b84c096
	lib/sphinx4-5prealpha-src/sphinx4-core/src/main/java/edu/cmu/sphinx/decoder/pruner/Pruner.java	100644	bf1c486f48b8c32a614d3bf3ac0a5467fef93ccb6c7575e45af0283f2aa315b5
	lib/sphinx4-5prealpha-src/sphinx4-core/src/main/java/edu/cmu/sphinx/decoder/pruner/SimplePruner.java	100644	620573aea20b8854e9365ff0011ddac1f43d796ea89115844c4fa640f7f88869
	lib/sphinx4-5prealpha-src/sphinx4-core/src/main/java/edu/cmu/sphinx/decoder/scorer/AcousticScorer.java	100644	28362b4271aa3eb1ca19b221542f0c8d55e8f2e993a6254e70b62bb68612123a
	lib/sphinx4-5prealpha-src/sphinx4-core/src/main/java/edu/cmu/sphinx/decoder/scorer/BackgroundModelNormalizer.java	100644	a4008627bb403140ba6e3bb967aabc28d9f3075b23a80503f8c944cfb561be38
	lib/sphinx4-5prealpha-src/sphinx4-core/src/main/java/edu/cmu/sphinx/decoder/scorer/MaxScoreNormalizer.java	100644	ea5ebd4b43180c4fd6e180fbf942ea354effe1a38d2855f76b5fb2c87425b502
	lib/sphinx4-5prealpha-src/sphinx4-core/src/main/java/edu/cmu/sphinx/decoder/scorer/ScoreNormalizer.java	100644	bccdabd339ddd9f0d0804ef4ff5b8f96d1a18484a2d97be5e28fe7ef5c3156d1
	lib/sphinx4-5prealpha-src/sphinx4-core/src/main/java/edu/cmu/sphinx/decoder/scorer/ScoreProvider.java	100644	9d61e4e3fa81b6a583eb45045e85844ddbf7284853ce65ceb499c530a867373c
	lib/sphinx4-5prealpha-src/sphinx4-core/src/main/java/edu/cmu/sphinx/decoder/scorer/Scoreable.java	100644	b2c086e3bd1f32e019dd71d842a63e43c4efc9b2effdbf7b40b9c0ed9cf94cf3
	lib/sphinx4-5prealpha-src/sphinx4-core/src/main/java/edu/cmu/sphinx/decoder/scorer/SimpleAcousticScorer.java	100644	e5da1bd5c5d2d87fa6cab55041ffac7246a6f3bc547c2d9fc3345dd0f7e5318e
	lib/sphinx4-5prealpha-src/sphinx4-core/src/main/java/edu/cmu/sphinx/decoder/scorer/ThreadedAcousticScorer.java	100644	7f58036b2c843af1e02bc9a67a7ec65ad0c24ac3349dcc13f8d6ce9cda113d6d
	lib/sphinx4-5prealpha-src/sphinx4-core/src/main/java/edu/cmu/sphinx/decoder/search/ActiveList.java	100644	d10692b8bfa6307ecaa90c4c52ca397d551a286c6cbc858768ec9da2b43dabfb
	lib/sphinx4-5prealpha-src/sphinx4-core/src/main/java/edu/cmu/sphinx/decoder/search/ActiveListFactory.java	100644	efff0ecb4706327cf4bdd4e0dce0869910e51cfbe4c97126bd14fd16a774fa44
	lib/sphinx4-5prealpha-src/sphinx4-core/src/main/java/edu/cmu/sphinx/decoder/search/ActiveListManager.java	100644	e119cac3215817bc85a000ae08898dcb3b2d77d621c0842be144ac4473434a68
	lib/sphinx4-5prealpha-src/sphinx4-core/src/main/java/edu/cmu/sphinx/decoder/search/AlternateHypothesisManager.java	100644	fab7a32f33e8178a25985aa6fbf497a831f436efa6d45a0ec6233785b29eda98
	lib/sphinx4-5prealpha-src/sphinx4-core/src/main/java/edu/cmu/sphinx/decoder/search/PartitionActiveListFactory.java	100644	32bb126fc5b6f02bf2de4c1129810ea28cacf033f3a1532b41408eb44b82c4e6
	lib/sphinx4-5prealpha-src/sphinx4-core/src/main/java/edu/cmu/sphinx/decoder/search/Partitioner.java	100644	933a221ae35a58e5e58e882c678aecc3b238f0ddd98fdacb1e092139291e1444
	lib/sphinx4-5prealpha-src/sphinx4-core/src/main/java/edu/cmu/sphinx/decoder/search/SearchManager.java	100644	b9465b0c89fd6d1659639ebf664ce1e99961fc3af72b776cb05d569efe60e548
	lib/sphinx4-5prealpha-src/sphinx4-core/src/main/java/edu/cmu/sphinx/decoder/search/SimpleActiveListFactory.java	100644	4d2ada00f7d62e84df87fdf7fb19096b0426a341826edf35f69e3679d985c446
	lib/sphinx4-5prealpha-src/sphinx4-core/src/main/java/edu/cmu/sphinx/decoder/search/SimpleActiveListManager.java	100644	cee511ac59174298674e8026421de2ac354d4c8f356ab2c9f5172c26f9944a28
	lib/sphinx4-5prealpha-src/sphinx4-core/src/main/java/edu/cmu/sphinx/decoder/search/SimpleBreadthFirstSearchManager.java	100644	28890685fde41ee53a28c6506b9547953913dd7db686551d50ed1064e3d79858
	lib/sphinx4-5prealpha-src/sphinx4-core/src/main/java/edu/cmu/sphinx/decoder/search/SkewPruningSearchManager.java	100644	e3b0c44298fc1c149afbf4c8996fb92427ae41e4649b934ca495991b7852b855
	lib/sphinx4-5prealpha-src/sphinx4-core/src/main/java/edu/cmu/sphinx/decoder/search/SortingActiveListFactory.java	100644	93d2068ee159c614fe9147e89642eebcaee545527d09fd5d3280b875ee04b7b6
	lib/sphinx4-5prealpha-src/sphinx4-core/src/main/java/edu/cmu/sphinx/decoder/search/Token.java	100644	f570c4a1b4acde0455a8d39087ba2848d49e4b6542d9286d301c87ea5bf06b83
	lib/sphinx4-5prealpha-src/sphinx4-core/src/main/java/edu/cmu/sphinx/decoder/search/TokenHeapSearchManager.java	100644	ef965dec17f081a28630a0bedba4dd7087cfc556f169488bcd33ff513c81b15c
	lib/sphinx4-5prealpha-src/sphinx4-core/src/main/java/edu/cmu/sphinx/decoder/search/TokenSearchManager.java	100644	20aa2da878d9bcf76ebe4e53924161901acd4a040e4d0338eb562d806131fa2b
	lib/sphinx4-5prealpha-src/sphinx4-core/src/main/java/edu/cmu/sphinx/decoder/search/WordActiveListFactory.java	100644	0981346c934286d3f2c2abd80b578bcc70704fec029931b9c5c8c00cd8fe0554
	lib/sphinx4-5prealpha-src/sphinx4-core/src/main/java/edu/cmu/sphinx/decoder/search/WordPruningBreadthFirstLookaheadSearchManager.java	100644	47eaa40c322550bc6445e7b02a561e09937fe4e2000eff61ab60e3f1072dced1
	lib/sphinx4-5prealpha-src/sphinx4-core/src/main/java/edu/cmu/sphinx/decoder/search/WordPruningBreadthFirstSearchManager.java	100644	2af89a8241fc814845bbe95da2d00959681fdd6b7142cf71f42084dccde8854f
	lib/sphinx4-5prealpha-src/sphinx4-core/src/main/java/edu/cmu/sphinx/decoder/search/stats/StateHistoryTracker.java	100644	c1921241058f6957bbbb88490b25b3d9976c3aaee25692cb9da2c708bf8eb40f
	lib/sphinx4-5prealpha-src/sphinx4-core/src/main/java/edu/cmu/sphinx/decoder/search/stats/TokenTracker.java	100644	4d26576f902e3a6235af1510f79db2791143063475709e01f4defbdfb8760860
	lib/sphinx4-5prealpha-src/sphinx4-core/src/main/java/edu/cmu/sphinx/decoder/search/stats/TokenTypeTracker.java	100644	240001a41022d5f1ddb19f7426e2adf15b9194cd7e1acd69df80dc65b0685292
	lib/sphinx4-5prealpha-src/sphinx4-core/src/main/java/edu/cmu/sphinx/decoder/search/stats/WordTracker.java	100644	6d4cf08f04a72539dcc28a7f8fc9ec37701d40594fd2a25ff3c3d2bef602aae2
	lib/sphinx4-5prealpha-src/sphinx4-core/src/main/java/edu/cmu/sphinx/frontend/AutoCepstrum.java	100644	b90a1be06eace9b9afa696a1cc38b651fb5d951b8f6f973a0bbcb561dc6bcccf
	lib/sphinx4-5prealpha-src/sphinx4-core/src/main/java/edu/cmu/sphinx/frontend/BaseDataProcessor.java	100644	d0f800ebef6fa5d012be201a263a0d9bc64903c902ce1e6b6ee4c0fdf5edf540
	lib/sphinx4-5prealpha-src/sphinx4-core/src/main/java/edu/cmu/sphinx/frontend/Data.java	100644	ed059f1540ae3e5c4fb920a7a05fae747700c8209ac95bb8e2b8cc996bdf0e1d
	lib/sphinx4-5prealpha-src/sphinx4-core/src/main/java/edu/cmu/sphinx/frontend/DataBlocker.java	100644	c551f7ec682e80f9ffb0c480d03695de5a12e29e1134c23f654e594eea52a67a
	lib/sphinx4-5prealpha-src/sphinx4-core/src/main/java/edu/cmu/sphinx/frontend/DataEndSignal.java	100644	e7ebff112551c388d8af898a88982c9153aeda1d2bcb4b63553861af10381b4d
	lib/sphinx4-5prealpha-src/sphinx4-core/src/main/java/edu/cmu/sphinx/frontend/DataProcessingException.java	100644	1081feb9bf7dea05143df65b52ba389dd6125336dd9917545b4f796ffafb7dd9
	lib/sphinx4-5prealpha-src/sphinx4-core/src/main/java/edu/cmu/sphinx/frontend/DataProcessor.java	100644	271b953425ea840e1094bcf99234ec6b528b8eb211f9ecf1226da8a62a860b22
	lib/sphinx4-5prealpha-src/sphinx4-core/src/main/java/edu/cmu/sphinx/frontend/DataStartSignal.java	100644	1ee0f198f4c9f12fe4b9a296f99251945fa2945dda81705dbb41d37430a53d8b
	lib/sphinx4-5prealpha-src/sphinx4-core/src/main/java/edu/cmu/sphinx/frontend/DoubleData.java	100644	fea51b649cca0544684c29eecc561d0646f31420046f27608378f9a1885aafd5
	lib/sphinx4-5prealpha-src/sphinx4-core/src/main/java/edu/cmu/sphinx/frontend/FloatData.java	100644	f05b2141619e2a8b72fc3ec6640ac8ee4c6797a2396aff3ed6fb251a6ffb805f
	lib/sphinx4-5prealpha-src/sphinx4-core/src/main/java/edu/cmu/sphinx/frontend/FrontEnd.java	100644	b2f313676ed8082d98832e3266d6727d832eb8ee67363d484b762443357df264
	lib/sphinx4-5prealpha-src/sphinx4-core/src/main/java/edu/cmu/sphinx/frontend/GainControlProcessor.java	100644	e92f51c3ee0970a3b040eef8c1a95dc2202bd7f6ff6f2a96419a384041b9479f
	lib/sphinx4-5prealpha-src/sphinx4-core/src/main/java/edu/cmu/sphinx/frontend/Signal.java	100644	6302bc918de09702e2514bb7e284673cf94959c05cf1f982a99d686958889e6d
	lib/sphinx4-5prealpha-src/sphinx4-core/src/main/java/edu/cmu/sphinx/frontend/SignalListener.java	100644	45307f0a4b1dc7143216efd2a279cf1299bb63ed88d25c048a818ade1438bbe8
	lib/sphinx4-5prealpha-src/sphinx4-core/src/main/java/edu/cmu/sphinx/frontend/databranch/DataBufferProcessor.java	100644	42d4d968ef09a414b733a0d25eac568c863557966e2dd793c52f2e5d3c03ac9e
	lib/sphinx4-5prealpha-src/sphinx4-core/src/main/java/edu/cmu/sphinx/frontend/databranch/DataListener.java	100644	73fbc35a035403af683f554dc4f05d7666d345746a39cd0a3b7b4ff786446f83
	lib/sphinx4-5prealpha-src/sphinx4-core/src/main/java/edu/cmu/sphinx/frontend/databranch/DataProducer.java	100644	0b3a2fca7193394d80e424b9daa0e6f76a91c89dba1c64ca8292d2275a9cc1b1
	lib/sphinx4-5prealpha-src/sphinx4-core/src/main/java/edu/cmu/sphinx/frontend/databranch/FrontEndSplitter.java	100644	1be8623d22f779ee39aff1dd0007c98e1c1c6167f33437d0fe588cbb9ee5a320
	lib/sphinx4-5prealpha-src/sphinx4-core/src/main/java/edu/cmu/sphinx/frontend/denoise/Denoise.java	100644	143a24e7653bccb1460e114802a5eb5fc23bdd3a99b62f3b4a9ca2e09bc537a3
	lib/sphinx4-5prealpha-src/sphinx4-core/src/main/java/edu/cmu/sphinx/frontend/endpoint/AbstractVoiceActivityDetector.java	100644	7169c3411e0814673165a4b0d72e8bfb34a8db16511b2cae884cb625e3983d94
	lib/sphinx4-5prealpha-src/sphinx4-core/src/main/java/edu/cmu/sphinx/frontend/endpoint/SpeechClassifiedData.java	100644	33295cac1d24eb6b9e7e34f0a1fed6ceef50399a21f9e14978195e3bf0256727
	lib/sphinx4-5prealpha-src/sphinx4-core/src/main/java/edu/cmu/sphinx/frontend/endpoint/SpeechClassifier.java	100644	6a01a1a69f9a819ffc6c468ff12f2b54716e6d6a1c5f7bbec8629cfe5f07e4bf
	lib/sphinx4-5prealpha-src/sphinx4-core/src/main/java/edu/cmu/sphinx/frontend/endpoint/SpeechEndSignal.java	100644	b59dc5df44675afbcd133ecb2fea6b941cf6c513b6fe779b803920e60a4aa7d9
	lib/sphinx4-5prealpha-src/sphinx4-core/src/main/java/edu/cmu/sphinx/frontend/endpoint/SpeechMarker.java	100644	d590ee6476876becd80e92d7d3f8a4ee66ef5d4de6575b41778c78ea28214456
	lib/sphinx4-5prealpha-src/sphinx4-core/src/main/java/edu/cmu/sphinx/frontend/endpoint/SpeechStartSignal.java	100644	a70931e859e9924cb06fb8ba84a02a9cb748fab2964a4022d9e846327c1128b7
	lib/sphinx4-5prealpha-src/sphinx4-core/src/main/java/edu/cmu/sphinx/frontend/feature/AbstractFeatureExtractor.java	100644	88b2f13b116d449aaea0956c1754e73b5883931554c0c2d2e3d88aa88cc1f6f0
	lib/sphinx4-5prealpha-src/sphinx4-core/src/main/java/edu/cmu/sphinx/frontend/feature/BatchAGC.java	100644	a07c47f9795b93fa2723b946b865df275d98544d1a1a802b3f0ff502327d58e8
	lib/sphinx4-5prealpha-src/sphinx4-core/src/main/java/edu/cmu/sphinx/frontend/feature/BatchCMN.java	100644	4a0bc16bf662809b794929f3ef949af89226dbb77f275946fdbaa9cc763b867e
	lib/sphinx4-5prealpha-src/sphinx4-core/src/main/java/edu/cmu/sphinx/frontend/feature/BatchVarNorm.java	100644	314b9ec47e99b9ed4fffcda08ac231cd6b53db9cb554ced381e8c49953a3428e
	lib/sphinx4-5prealpha-src/sphinx4-core/src/main/java/edu/cmu/sphinx/frontend/feature/ConcatFeatureExtractor.java	100644	4f894931d5b32aa90a21818bb514d1b99df571e73c797627178900a2f05b819b
	lib/sphinx4-5prealpha-src/sphinx4-core/src/main/java/edu/cmu/sphinx/frontend/feature/DeltasFeatureExtractor.java	100644	64918bb8cd3be26a0388080e76ba131bea9fb4bba661bbb7561033825281f275
	lib/sphinx4-5prealpha-src/sphinx4-core/src/main/java/edu/cmu/sphinx/frontend/feature/FeatureTransform.java	100644	f6ee2baeba1bedbe0a43056a0df2b5077b1eb5caf5d2a0463e9331804cfc1072
	lib/sphinx4-5prealpha-src/sphinx4-core/src/main/java/edu/cmu/sphinx/frontend/feature/FrameDropper.java	100644	78d2c58ea2f5b83868183b181d01e666726c46b745e590e18b2f6084c8749384
	lib/sphinx4-5prealpha-src/sphinx4-core/src/main/java/edu/cmu/sphinx/frontend/feature/KaldiDeltasFeatureExtractor.java	100644	0ab3620930ecd1708282bfd9ec1e6cc6439766fd2b1ea7b71aca04d356b016e3
	lib/sphinx4-5prealpha-src/sphinx4-core/src/main/java/edu/cmu/sphinx/frontend/feature/LiveCMN.java	100644	4080c791b1707080ebd3e0259f4297bf432f1596622f1efb9e971bf7562d7f8e
	lib/sphinx4-5prealpha-src/sphinx4-core/src/main/java/edu/cmu/sphinx/frontend/feature/S3FeatureExtractor.java	100644	dcdf8490a40075ab8bff9f625b96cdc93cce8ad4d9a4c5dc422f4a2b91b895ae
	lib/sphinx4-5prealpha-src/sphinx4-core/src/main/java/edu/cmu/sphinx/frontend/filter/Dither.java	100644	1667a65fd83050d7771e26663305c19c0e1413d3d473a0310742b16dadd8bd6f
	lib/sphinx4-5prealpha-src/sphinx4-core/src/main/java/edu/cmu/sphinx/frontend/filter/EnergyFilter.java	100644	9a5bb10f8d9098ffe261869bc09fc1801ef6a057d780d441efdcdf12c0bdfd9a
	lib/sphinx4-5prealpha-src/sphinx4-core/src/main/java/edu/cmu/sphinx/frontend/filter/Preemphasizer.java	100644	17eb529ca3034fe463af19aec682762a7757a5e1371d7e60b3c0c52a1aeffddf
	lib/sphinx4-5prealpha-src/sphinx4-core/src/main/java/edu/cmu/sphinx/frontend/frequencywarp/FrequencyWarper.java	100644	eacee97d381093458aed9a713ab37c83b211dbc2595584760731cf830ad688bc
	lib/sphinx4-5prealpha-src/sphinx4-core/src/main/java/edu/cmu/sphinx/frontend/frequencywarp/LinearPredictor.java	100644	1256061151c28ab3fc6261c1ddcaecf7bbfe00bdddb550eac5f0ffe664b29c5e
	lib/sphinx4-5prealpha-src/sphinx4-core/src/main/java/edu/cmu/sphinx/frontend/frequencywarp/MelFilter.java	100644	eab549b41788f5cbe67c15295b95273f20f07ad9c85922b3530452d8cb1a291a
	lib/sphinx4-5prealpha-src/sphinx4-core/src/main/java/edu/cmu/sphinx/frontend/frequencywarp/MelFilter2.java	100644	e2279d5695a561bee323d07244d1342e15b9d9b7b5ef742893c3eedb9450b435
	lib/sphinx4-5prealpha-src/sphinx4-core/src/main/java/edu/cmu/sphinx/frontend/frequencywarp/MelFrequencyFilterBank.java	100644	a2f288ccc431dc30b7c6ead7d85c74860024a3a00965efc85434c1b8d9b8895e
	lib/sphinx4-5prealpha-src/sphinx4-core/src/main/java/edu/cmu/sphinx/frontend/frequencywarp/MelFrequencyFilterBank2.java	100644	f5a6a453f721ccda20110c4531d6a9938ecc3d99584ab97b682da45a2b9d905d
	lib/sphinx4-5prealpha-src/sphinx4-core/src/main/java/edu/cmu/sphinx/frontend/frequencywarp/PLPCepstrumProducer.java	100644	4c78940d35145b9a06c38f58d06d9cd92ed0b502ce3e9689adc3623f34b40f89
	lib/sphinx4-5prealpha-src/sphinx4-core/src/main/java/edu/cmu/sphinx/frontend/frequencywarp/PLPFilter.java	100644	59a1d06adccbf42f7fb250181c19ed1fc3f9f8104548634a827c179c60a429f7
	lib/sphinx4-5prealpha-src/sphinx4-core/src/main/java/edu/cmu/sphinx/frontend/frequencywarp/PLPFrequencyFilterBank.java	100644	76deddad4bacf13d242895025dea0f809cee1354648d324ae52e50b9afb443fd
	lib/sphinx4-5prealpha-src/sphinx4-core/src/main/java/edu/cmu/sphinx/frontend/transform/DiscreteCosineTransform.java	100644	fa28245a3f7cb8ebf12fe178e595c59d5142b1778cb3285edfff399526805f4c
	lib/sphinx4-5prealpha-src/sphinx4-core/src/main/java/edu/cmu/sphinx/frontend/transform/DiscreteCosineTransform2.java	100644	a3dd947eb57897a3af058217229fad098a8fc341266af5f07658a0bfa6ada1d4
	lib/sphinx4-5prealpha-src/sphinx4-core/src/main/java/edu/cmu/sphinx/frontend/transform/DiscreteFourierTransform.java	100644	91b6db24e1623fa2858b148973ad92094fef964d843eb0010bd9f096692a93a8
	lib/sphinx4-5prealpha-src/sphinx4-core/src/main/java/edu/cmu/sphinx/frontend/transform/KaldiDiscreteCosineTransform.java	100644	9ac396634a7e4207ab622cb42011ea8afa6deb4dc059f69a2a4ee7c2d252d3dc
	lib/sphinx4-5prealpha-src/sphinx4-core/src/main/java/edu/cmu/sphinx/frontend/transform/Lifter.java	100644	477ea2cf676d16be7b16cff98520939697dc00e8a148c5837d46b06a9024e8b2
	lib/sphinx4-5prealpha-src/sphinx4-core/src/main/java/edu/cmu/sphinx/frontend/util/AudioContinuityTester.java	100644	07c4490cef69e0f01065c9de504c9dfbb904a722abc46b8eff2cdb2fb47684ff
	lib/sphinx4-5prealpha-src/sphinx4-core/src/main/java/edu/cmu/sphinx/frontend/util/AudioFileDataSource.java	100644	f36799ba0121eff636dab44ea7051a75cfcc9dbf8c0c7d2b71efc4997f3ffc11
	lib/sphinx4-5prealpha-src/sphinx4-core/src/main/java/edu/cmu/sphinx/frontend/util/AudioFileProcessListener.java	100644	69c581fef2545e84ee4a64a875a445f8dc3867c893fb0eb4384b95e8caeed014
	lib/sphinx4-5prealpha-src/sphinx4-core/src/main/java/edu/cmu/sphinx/frontend/util/ConcatAudioFileDataSource.java	100644	cc54737a85b867fdadbf7e7995c580a329cd28d10fab3f3ff3042811f1ec1a57
	lib/sphinx4-5prealpha-src/sphinx4-core/src/main/java/edu/cmu/sphinx/frontend/util/ConcatFileDataSource.java	100644	0a63db913fa645817455f46527c00bad4931a0301556ae52b3ccdb3088ef233b
	lib/sphinx4-5prealpha-src/sphinx4-core/src/main/java/edu/cmu/sphinx/frontend/util/DataConverter.java	100644	180de6260738b098c894469d2f32246d704df914f57bdf65f22fc81030f323f6
	lib/sphinx4-5prealpha-src/sphinx4-core/src/main/java/edu/cmu/sphinx/frontend/util/DataDumper.java	100644	912b773f4649c1a520c416ad987f4842c93563895f0b0667917a0849dbb34c77
	lib/sphinx4-5prealpha-src/sphinx4-core/src/main/java/edu/cmu/sphinx/frontend/util/DataUtil.java	100644	4a888bf6255320beefc6d61ce7a6313eb97979a0ba5858dabbc0dd4cbf341e05
	lib/sphinx4-5prealpha-src/sphinx4-core/src/main/java/edu/cmu/sphinx/frontend/util/EnergyPlotter.java	100644	14d6631fc5a34fd0ed3b376ef0fd68f4e8f2650c4ffc3ffd17051740c9546b63
	lib/sphinx4-5prealpha-src/sphinx4-core/src/main/java/edu/cmu/sphinx/frontend/util/FrontEndUtils.java	100644	db5747ae8caeb87599a3a042f818c860322b1dd09b149b46c69813dac43a1967
	lib/sphinx4-5prealpha-src/sphinx4-core/src/main/java/edu/cmu/sphinx/frontend/util/Microphone.java	100644	f5f60adcaebb5a26038ae55cfe768218613ded622c0dccdbd08191798c50cb69
	lib/sphinx4-5prealpha-src/sphinx4-core/src/main/java/edu/cmu/sphinx/frontend/util/StreamCepstrumSource.java	100644	56e78ad77afe088a0288c3cc107aae3a036022e311f03ed4982f4d1b94f19d73
	lib/sphinx4-5prealpha-src/sphinx4-core/src/main/java/edu/cmu/sphinx/frontend/util/StreamDataSource.java	100644	4872d546a791e68b87a8cc7635a11bbbf20a50c7fcd8510e7407b8c27dbb9e19
	lib/sphinx4-5prealpha-src/sphinx4-core/src/main/java/edu/cmu/sphinx/frontend/util/StreamHTKCepstrum.java	100644	1dadf25a59b8dd1d0d04f2d3a93f8962626ecbe1c7043f0ef7a60f6af166e331
	lib/sphinx4-5prealpha-src/sphinx4-core/src/main/java/edu/cmu/sphinx/frontend/util/Utterance.java	100644	f27b747159a34098d107b9b481f1add4fd48a02838acde0f4162f0aebfb7aacb
	lib/sphinx4-5prealpha-src/sphinx4-core/src/main/java/edu/cmu/sphinx/frontend/util/VUMeter.java	100644	d5de55a25dc66e5ba30ed2c23119ac66be92703cf06ae8c1f416cac6050d2078
	lib/sphinx4-5prealpha-src/sphinx4-core/src/main/java/edu/cmu/sphinx/frontend/util/VUMeterMonitor.java	100644	44acb64cd2d1864c37509902a079bd94366b8cf1a2418efa6b28922d5481b154
	lib/sphinx4-5prealpha-src/sphinx4-core/src/main/java/edu/cmu/sphinx/frontend/util/VUMeterPanel.java	100644	7c63d49089358e222f9667a3471f491b20de27ccabaf072d310abed7d50eacea
	lib/sphinx4-5prealpha-src/sphinx4-core/src/main/java/edu/cmu/sphinx/frontend/util/WavWriter.java	100644	23f1b17ec4cdc5f22870c949b9734486380334750b19d682f877d9cec3991fa6
	lib/sphinx4-5prealpha-src/sphinx4-core/src/main/java/edu/cmu/sphinx/frontend/window/RaisedCosineWindower.java	100644	51d125eb947b81a8a8b1c8377654e323f503585dd28cc609cf038ad6b2aee39a
	lib/sphinx4-5prealpha-src/sphinx4-core/src/main/java/edu/cmu/sphinx/fst/Arc.java	100644	ece0a5d2ac4e6073da628a31d00e8d88732b4e18d61b37d54f1cd2d776ab2da0
	lib/sphinx4-5prealpha-src/sphinx4-core/src/main/java/edu/cmu/sphinx/fst/Convert.java	100644	bcc74ac3958463d7a9c339c7416dad1b5f43b8850336f325e654912c17b2bc53
	lib/sphinx4-5prealpha-src/sphinx4-core/src/main/java/edu/cmu/sphinx/fst/Export.java	100644	54d6ac2028e33fb6e63433f224a075eb08cc1be6917205c01f8d03fb910f8508
	lib/sphinx4-5prealpha-src/sphinx4-core/src/main/java/edu/cmu/sphinx/fst/Fst.java	100644	17a4dd32719d5a7915ef4deb1170db54fbefe5e236d5537ceb420ffd5427438a
	lib/sphinx4-5prealpha-src/sphinx4-core/src/main/java/edu/cmu/sphinx/fst/ImmutableFst.java	100644	e8922275a1f4081eadf304dd7890261f2f9f9202caf2ed8c627c25b11e2ef321
	lib/sphinx4-5prealpha-src/sphinx4-core/src/main/java/edu/cmu/sphinx/fst/ImmutableState.java	100644	f40080bf4a20dbe0bf532c898930e2fd6c9a7650b43f18f84a56cc088ebdf634
	lib/sphinx4-5prealpha-src/sphinx4-core/src/main/java/edu/cmu/sphinx/fst/Import.java	100644	25fdd311087ced869c0568ee9ab8b72b50d5f3a9a1e1ad9811dd3e42a48c934a
	lib/sphinx4-5prealpha-src/sphinx4-core/src/main/java/edu/cmu/sphinx/fst/State.java	100644	063c3fef9c7d85873f54eeb8770c5578af7bcc00a4d1a91ccd110069b1ada651
	lib/sphinx4-5prealpha-src/sphinx4-core/src/main/java/edu/cmu/sphinx/fst/operations/ArcSort.java	100644	29c2c267cd1705a96708eef35b6bd88921282ad69e8f64b51947eeae438ec65e
	lib/sphinx4-5prealpha-src/sphinx4-core/src/main/java/edu/cmu/sphinx/fst/operations/Compose.java	100644	7640496d110f3cdd997701110bbbbf2941f8ec11e5c542c2553c031d8edc63cc
	lib/sphinx4-5prealpha-src/sphinx4-core/src/main/java/edu/cmu/sphinx/fst/operations/Connect.java	100644	f7cc4770b07cd62ac9a1649bb59bca47819c8e6071a15db02f0aee7ae85ea4ce
	lib/sphinx4-5prealpha-src/sphinx4-core/src/main/java/edu/cmu/sphinx/fst/operations/Determinize.java	100644	b4bad80390330ca2b88a239679b6693327363e389084650d6331751de0c7ba9f
	lib/sphinx4-5prealpha-src/sphinx4-core/src/main/java/edu/cmu/sphinx/fst/operations/ExtendFinal.java	100644	0988671ce0a90d015246a4b8f703f888750ec9db486c9df0363799e4e9fb643f
	lib/sphinx4-5prealpha-src/sphinx4-core/src/main/java/edu/cmu/sphinx/fst/operations/ILabelCompare.java	100644	111cf67c788007637b982f21a87f5c8fa9cfe1e4a49f89820f8cf2c0d42de64a
	lib/sphinx4-5prealpha-src/sphinx4-core/src/main/java/edu/cmu/sphinx/fst/operations/NShortestPaths.java	100644	10ead155572a6836790cf1b9e23bd4b50e3e01c5cb2db54009e6a376df021213
	lib/sphinx4-5prealpha-src/sphinx4-core/src/main/java/edu/cmu/sphinx/fst/operations/OLabelCompare.java	100644	856f9565a05f89c81899e955a8afef401679f64d5000c88f4e3869b0d027edb2
	lib/sphinx4-5prealpha-src/sphinx4-core/src/main/java/edu/cmu/sphinx/fst/operations/Project.java	100644	bbf5f24ed8120810114e7fc6fe9518ce2ee3bc59a330d0cc32d0a87f6c46c7a0
	lib/sphinx4-5prealpha-src/sphinx4-core/src/main/java/edu/cmu/sphinx/fst/operations/ProjectType.java	100644	d2e76842e2d5c094022655835c40d8ea4c62461eaa7531703ac06e2f39c72569
	lib/sphinx4-5prealpha-src/sphinx4-core/src/main/java/edu/cmu/sphinx/fst/operations/Reverse.java	100644	eee96eca37cfbd51ce6d80167353034e97ce8cf2761f84b2185f8b6e95ba9439
	lib/sphinx4-5prealpha-src/sphinx4-core/src/main/java/edu/cmu/sphinx/fst/operations/RmEpsilon.java	100644	094bc432a2624af770cfa50bc768204c359ba20ffb24d4246db540e3b17739b2
	lib/sphinx4-5prealpha-src/sphinx4-core/src/main/java/edu/cmu/sphinx/fst/semiring/LogSemiring.java	100644	6bbc8100315c537d323cb79c491a51e29f2acf49f4c520c96c63923ca7bd7a79
	lib/sphinx4-5prealpha-src/sphinx4-core/src/main/java/edu/cmu/sphinx/fst/semiring/ProbabilitySemiring.java	100644	a0c1abfc15e28d8d8c28c3d6a8a6b826dfdff9cd62682b7e3bbac52462e215b9
	lib/sphinx4-5prealpha-src/sphinx4-core/src/main/java/edu/cmu/sphinx/fst/semiring/Semiring.java	100644	5afd310d60a34d599095855850394e9088f17cca2dabb0ef04fc96243b479376
	lib/sphinx4-5prealpha-src/sphinx4-core/src/main/java/edu/cmu/sphinx/fst/semiring/TropicalSemiring.java	100644	36f2f269196ab6e0ae9a2a2bf514f3ce438ec84ff6e7cd70e6a263b514a51a77
	lib/sphinx4-5prealpha-src/sphinx4-core/src/main/java/edu/cmu/sphinx/fst/sequitur/SequiturImport.java	100644	e7c1c646cc00e716433b9dc525a665d0d146acaa327749b31d4907dc2c6e426f
	lib/sphinx4-5prealpha-src/sphinx4-core/src/main/java/edu/cmu/sphinx/fst/utils/Pair.java	100644	39b73620c1d37d777dbd806342cf69bdb709d3e518fc2d3d4a8365e03000f5d3
	lib/sphinx4-5prealpha-src/sphinx4-core/src/main/java/edu/cmu/sphinx/fst/utils/Utils.java	100644	8507569f435a3f4a58627666ef65eeebe43f12adc42dcb02176a87c337abcc8a
	lib/sphinx4-5prealpha-src/sphinx4-core/src/main/java/edu/cmu/sphinx/instrumentation/AccuracyTracker.java	100644	ba3227bc6f41669e3535ff66ed1381953859ce4a4a4b0f9cbe7ea377d71ffaf6
	lib/sphinx4-5prealpha-src/sphinx4-core/src/main/java/edu/cmu/sphinx/instrumentation/BestPathAccuracyTracker.java	100644	ad9c4d95c4032f85d5395f170bdf2ef43c34b43df4058fce37c3f7baf096c0f7
	lib/sphinx4-5prealpha-src/sphinx4-core/src/main/java/edu/cmu/sphinx/instrumentation/ConfigMonitor.java	100644	c206cc2a2144ca53a96a1a1181a57805b94fc92ad49243db4bb3579124f44c07
	lib/sphinx4-5prealpha-src/sphinx4-core/src/main/java/edu/cmu/sphinx/instrumentation/MemoryTracker.java	100644	d9191118764330fcc77fe5e3b6de18182a922364c90e13c3fc96013a2131666a
	lib/sphinx4-5prealpha-src/sphinx4-core/src/main/java/edu/cmu/sphinx/instrumentation/Monitor.java	100644	4afffd6629600d786b0b74392896a8802984fae9cfd34df12d5a77b63eed51d5
	lib/sphinx4-5prealpha-src/sphinx4-core/src/main/java/edu/cmu/sphinx/instrumentation/RecognizerMonitor.java	100644	f411c56174f23dec2f8b0ea0a2e77ca431a1c0a19e605636674e68e36a09c28e
	lib/sphinx4-5prealpha-src/sphinx4-core/src/main/java/edu/cmu/sphinx/instrumentation/RejectionTracker.java	100644	73590e390884ebe0f0471180882cf945a596b1ed49b0ba16bc3fba1c2a725200
	lib/sphinx4-5prealpha-src/sphinx4-core/src/main/java/edu/cmu/sphinx/instrumentation/Resetable.java	100644	a4560d5d78b98b96257205509ade2ef25715a0c900b80cbbf9279b614fee60e6
	lib/sphinx4-5prealpha-src/sphinx4-core/src/main/java/edu/cmu/sphinx/instrumentation/SpeedTracker.java	100644	162cccdb1547116d294a633c6e0a2fd4106fc91d92405f6306af48afb224cbed
	lib/sphinx4-5prealpha-src/sphinx4-core/src/main/java/edu/cmu/sphinx/jsgf/GrXMLGrammar.java	100644	b36c854fb9e7d4ccaa1f9e620fb91fddf50e393fc0bafc18ca1faeafa49e786f
	lib/sphinx4-5prealpha-src/sphinx4-core/src/main/java/edu/cmu/sphinx/jsgf/GrXMLHandler.java	100644	6a095cec2bc492e69a8337bf1171311c886553f2f29eb3595e3af00e707f37cc
	lib/sphinx4-5prealpha-src/sphinx4-core/src/main/java/edu/cmu/sphinx/jsgf/JSGFGrammar.java	100644	59be3447a1821c665c2a0df7db3e00ea8be5a348d2fa31d924c723c919bf8505
	lib/sphinx4-5prealpha-src/sphinx4-core/src/main/java/edu/cmu/sphinx/jsgf/JSGFGrammarException.java	100644	d51876c2b60ecd17c9020549be73aa15051b5a192c58b6f76bd307a969006551
	lib/sphinx4-5prealpha-src/sphinx4-core/src/main/java/edu/cmu/sphinx/jsgf/JSGFGrammarParseException.java	100644	c4820827313391ba7db054d7917b346dadebf0bc65ce2daa14a815fc72011827
	lib/sphinx4-5prealpha-src/sphinx4-core/src/main/java/edu/cmu/sphinx/jsgf/JSGFRuleGrammar.java	100644	e389bd8f27481d7b721f79f57bd3631b843f577df1efa986b83c02886fb9bd08
	lib/sphinx4-5prealpha-src/sphinx4-core/src/main/java/edu/cmu/sphinx/jsgf/JSGFRuleGrammarFactory.java	100644	e3f919415abd0ea12f9b8bd57615702a9cab3503a413be2f8b9187bc0c063a69
	lib/sphinx4-5prealpha-src/sphinx4-core/src/main/java/edu/cmu/sphinx/jsgf/JSGFRuleGrammarManager.java	100644	f588a58669ebcf38f51d99e4bb934d8b314c07a0504aa883ce52d30186a2a984
	lib/sphinx4-5prealpha-src/sphinx4-core/src/main/java/edu/cmu/sphinx/jsgf/parser/JSGFParser.java	100644	cba72fb30e868231a4fb43e150e3b3444816f1d99090133271e2633977a6f641
	lib/sphinx4-5prealpha-src/sphinx4-core/src/main/java/edu/cmu/sphinx/jsgf/parser/JSGFParserConstants.java	100644	11290fa66d7b3243c5cebeb2b41e5e9cddeb00db163880220efa966efb7e3bba
	lib/sphinx4-5prealpha-src/sphinx4-core/src/main/java/edu/cmu/sphinx/jsgf/parser/JSGFParserTokenManager.java	100644	589f7a233d8584300b509485ca740764c81e37531ffd6ebd4a6998ec3c61893d
	lib/sphinx4-5prealpha-src/sphinx4-core/src/main/java/edu/cmu/sphinx/jsgf/parser/JavaCharStream.java	100644	a6e87467a735fa3af66bad58b3526e3d77278a37ea519d089ee307c1c88efe00
	lib/sphinx4-5prealpha-src/sphinx4-core/src/main/java/edu/cmu/sphinx/jsgf/parser/ParseException.java	100644	25f4893249d650f0eee83357c6b7faaf158ed72c68dc52f24e1f15f32967e21b
	lib/sphinx4-5prealpha-src/sphinx4-core/src/main/java/edu/cmu/sphinx/jsgf/parser/Token.java	100644	5f9d0509690e55e9c586ee63128a5cd97f9885adf12cbe9cc7db1829fa8a849c
	lib/sphinx4-5prealpha-src/sphinx4-core/src/main/java/edu/cmu/sphinx/jsgf/parser/TokenMgrError.java	100644	a49fbd7a22cf2a030d1e5d9a46d4a0dda84da58232413582f8f47f65d49cfd90
	lib/sphinx4-5prealpha-src/sphinx4-core/src/main/java/edu/cmu/sphinx/jsgf/rule/JSGFRule.java	100644	d468efa9db5bf442a4b7b4b6e35633d31e1f0bb601f19e7be8c05db8c727bee8
	lib/sphinx4-5prealpha-src/sphinx4-core/src/main/java/edu/cmu/sphinx/jsgf/rule/JSGFRuleAlternatives.java	100644	21e4161e3a44edb52456772e3879bd52f18bf672e3ccc5eaf735e2a2eedc38a7
	lib/sphinx4-5prealpha-src/sphinx4-core/src/main/java/edu/cmu/sphinx/jsgf/rule/JSGFRuleCount.java	100644	40858415fe95d9dbb6ccaa840303e7bf58b47a16ab636d98d91bb8637885ae61
	lib/sphinx4-5prealpha-src/sphinx4-core/src/main/java/edu/cmu/sphinx/jsgf/rule/JSGFRuleName.java	100644	7e94b43805eb1e28ca61fed2f1acfdd685865c84b3beae571f4463e5f0582d0e
	lib/sphinx4-5prealpha-src/sphinx4-core/src/main/java/edu/cmu/sphinx/jsgf/rule/JSGFRuleSequence.java	100644	6fc3bc6fa26fd0ed4b86f5c5fb346b9b55241b26c561cf09361322c564ecddf9
	lib/sphinx4-5prealpha-src/sphinx4-core/src/main/java/edu/cmu/sphinx/jsgf/rule/JSGFRuleTag.java	100644	3d614e6d0a98170bfa05e2b933e7a55a60ea98f9c6463117a0a9bb1fd6fb0ff4
	lib/sphinx4-5prealpha-src/sphinx4-core/src/main/java/edu/cmu/sphinx/jsgf/rule/JSGFRuleToken.java	100644	9d58c0345d51f907ca5c9b3adac0d87ae040db75ffd222aea34335ad08b03426
	lib/sphinx4-5prealpha-src/sphinx4-core/src/main/java/edu/cmu/sphinx/linguist/HMMSearchState.java	100644	6f2c51a45c89e056750775fd13b7bf1764be926c4f125ae902727fe4f1d9ffb9
	lib/sphinx4-5prealpha-src/sphinx4-core/src/main/java/edu/cmu/sphinx/linguist/Linguist.java	100644	b73e037a701f915721f991680d53ad58b9182bc1c5b784d400b9d8a4e540c441
	lib/sphinx4-5prealpha-src/sphinx4-core/src/main/java/edu/cmu/sphinx/linguist/LinguistProcessor.java	100644	d938e38cf67781bb8d0e4466e154b70bfd0014412250c526d4e306aebc78da19
	lib/sphinx4-5prealpha-src/sphinx4-core/src/main/java/edu/cmu/sphinx/linguist/SearchGraph.java	100644	d10f31878b83fa133148c37494ee726d2328582e03fdaa0e8b7e658c40f17136
	lib/sphinx4-5prealpha-src/sphinx4-core/src/main/java/edu/cmu/sphinx/linguist/SearchState.java	100644	75e15390484b3d5775a65bcc339b04609a9346a58c146651aecd61b7b929464d
	lib/sphinx4-5prealpha-src/sphinx4-core/src/main/java/edu/cmu/sphinx/linguist/SearchStateArc.java	100644	7dfc0fc9bb18ef45cdf6b93b21b91c62e97f2dd49e8015f32bc226e02117e9d0
	lib/sphinx4-5prealpha-src/sphinx4-core/src/main/java/edu/cmu/sphinx/linguist/UnitSearchState.java	100644	70ab22af3c1fe8c9e3d24c1e211518137417e82ee3f5f1fd5f15059f87ddacfe
	lib/sphinx4-5prealpha-src/sphinx4-core/src/main/java/edu/cmu/sphinx/linguist/WordSearchState.java	100644	a6c1a9b4d759b6891d73a8150f3f1a49112635cb731cd58bcee60064639eb300
	lib/sphinx4-5prealpha-src/sphinx4-core/src/main/java/edu/cmu/sphinx/linguist/WordSequence.java	100644	f224f3a0e04cf424e710d7d21b6472caf285646cde3c3479826ea4acadbfadfb
	lib/sphinx4-5prealpha-src/sphinx4-core/src/main/java/edu/cmu/sphinx/linguist/acoustic/AcousticModel.java	100644	12e968bab4440b7505d1283aaace5c60ad0f199cc41326940f807d804538b020
	lib/sphinx4-5prealpha-src/sphinx4-core/src/main/java/edu/cmu/sphinx/linguist/acoustic/Context.java	100644	ea43658be63ca49dd444c65a2d1728d8283f46a7c0793de4ad751e77d2842ce6
	lib/sphinx4-5prealpha-src/sphinx4-core/src/main/java/edu/cmu/sphinx/linguist/acoustic/HMM.java	100644	cacfc65b56e24a599ede847ca1c077bb1b6a6a25803fc4a86c56c541e6aacf23
	lib/sphinx4-5prealpha-src/sphinx4-core/src/main/java/edu/cmu/sphinx/linguist/acoustic/HMMPool.java	100644	430a8b98098eb47fad5e47a0a46da762bc83fd265330a3f1b21ed114184cdd18
	lib/sphinx4-5prealpha-src/sphinx4-core/src/main/java/edu/cmu/sphinx/linguist/acoustic/HMMPosition.java	100644	5c36070cd1a3d64734bc8f7c76785f4a22ec4001fc395a331edbcdcc7872b75a
	lib/sphinx4-5prealpha-src/sphinx4-core/src/main/java/edu/cmu/sphinx/linguist/acoustic/HMMState.java	100644	1e8548efd26278f954caa5c10c5b15c106ee781d229dac1111771af10241d732
	lib/sphinx4-5prealpha-src/sphinx4-core/src/main/java/edu/cmu/sphinx/linguist/acoustic/HMMStateArc.java	100644	70d8b629c434bd0ad4278ce54355acea098e823fefc28e81da6a6017eb0cc559
	lib/sphinx4-5prealpha-src/sphinx4-core/src/main/java/edu/cmu/sphinx/linguist/acoustic/LeftRightContext.java	100644	0186d4f270da358f5586b89881887497d7e3f3b0e911348015a06da525cc5c34
	lib/sphinx4-5prealpha-src/sphinx4-core/src/main/java/edu/cmu/sphinx/linguist/acoustic/Unit.java	100644	f3d5345c874385fe5b385af62704e1a7d7d8a8ae10ddb5e077b8a77c544d3a13
	lib/sphinx4-5prealpha-src/sphinx4-core/src/main/java/edu/cmu/sphinx/linguist/acoustic/UnitManager.java	100644	91d73c4d8defbb243d839d1791e2739116b488f49bd2e7c98c9828764131dd51
	lib/sphinx4-5prealpha-src/sphinx4-core/src/main/java/edu/cmu/sphinx/linguist/acoustic/tiedstate/CompositeSenone.java	100644	cfa991b59cb06b5191cde57e4e507f894f5905189c07414e351f7c126a5f3781
	lib/sphinx4-5prealpha-src/sphinx4-core/src/main/java/edu/cmu/sphinx/linguist/acoustic/tiedstate/GaussianMixture.java	100644	97b0443e6059878ae156116e9d2193acd2d9faa9e3cbccb8bfbc7349674e7239
	lib/sphinx4-5prealpha-src/sphinx4-core/src/main/java/edu/cmu/sphinx/linguist/acoustic/tiedstate/GaussianWeights.java	100644	8965532a905dcdf21b9223d79b802c21e702e4b4e66fb628204b321d1caf8f8c
	lib/sphinx4-5prealpha-src/sphinx4-core/src/main/java/edu/cmu/sphinx/linguist/acoustic/tiedstate/HMMManager.java	100644	ec1811d38760f733050a8ea91e057d646a323168b824d5c1cc2e06486e312026
	lib/sphinx4-5prealpha-src/sphinx4-core/src/main/java/edu/cmu/sphinx/linguist/acoustic/tiedstate/HTK/GMMDiag.java	100644	ecc69350842d7ce1a1ffce5af7e7d4822e8526e9520a9476483731ae16ca83de
	lib/sphinx4-5prealpha-src/sphinx4-core/src/main/java/edu/cmu/sphinx/linguist/acoustic/tiedstate/HTK/HMMSet.java	100644	71c0ff1d0c8d763568f9a26c2ed501faf1835d9dcf3b25abd588482014b4c772
	lib/sphinx4-5prealpha-src/sphinx4-core/src/main/java/edu/cmu/sphinx/linguist/acoustic/tiedstate/HTK/HMMState.java	100644	6ece328342830119eaba179b997be51edb63c69df952ddcf8bafe37d7b319104
	lib/sphinx4-5prealpha-src/sphinx4-core/src/main/java/edu/cmu/sphinx/linguist/acoustic/tiedstate/HTK/Lab.java	100644	4d97f664658302b612ff9bd8ebb3910a9f006ae5ed49a4c8bfdeb99ba702c239
	lib/sphinx4-5prealpha-src/sphinx4-core/src/main/java/edu/cmu/sphinx/linguist/acoustic/tiedstate/HTK/NamesConversion.java	100644	fb8cfaf485bd927586445c4aadba081a847718a7a5ab9cfaaad8a6ffab5a3415
	lib/sphinx4-5prealpha-src/sphinx4-core/src/main/java/edu/cmu/sphinx/linguist/acoustic/tiedstate/HTK/SingleHMM.java	100644	43ab591eb7645b6d3711b108a07c909fcda0194c057c5a5e7e5af6887e081d19
	lib/sphinx4-5prealpha-src/sphinx4-core/src/main/java/edu/cmu/sphinx/linguist/acoustic/tiedstate/HTKLoader.java	100644	29e582346a9908197f87b86786e2da5ffa16a60b956947968db650e939b55a09
	lib/sphinx4-5prealpha-src/sphinx4-core/src/main/java/edu/cmu/sphinx/linguist/acoustic/tiedstate/KaldiLoader.java	100644	d7e209e4ef9ce7cf91e20c5a03918d0765a00ed827ee95072737b9417c0ef5a8
	lib/sphinx4-5prealpha-src/sphinx4-core/src/main/java/edu/cmu/sphinx/linguist/acoustic/tiedstate/LazyHmmManager.java	100644	5eabe90151db8e7948affb4d043fa0ecf8830c9810fea2fe758ac8796f04813b
	lib/sphinx4-5prealpha-src/sphinx4-core/src/main/java/edu/cmu/sphinx/linguist/acoustic/tiedstate/Loader.java	100644	13a4a435a55e7901ba5792c75a4697707b9130d9099b5ebdcbd8948deb131126
	lib/sphinx4-5prealpha-src/sphinx4-core/src/main/java/edu/cmu/sphinx/linguist/acoustic/tiedstate/MixtureComponent.java	100644	c8983540f2bef41ea8382e1f0d8aa07a62229d69b419620af98f27b24b0e4a3c
	lib/sphinx4-5prealpha-src/sphinx4-core/src/main/java/edu/cmu/sphinx/linguist/acoustic/tiedstate/Pool.java	100644	a92fe07d746cd06c1f74ae9b3468306b37bc70973b1da3e317b94f41ba50e428
	lib/sphinx4-5prealpha-src/sphinx4-core/src/main/java/edu/cmu/sphinx/linguist/acoustic/tiedstate/Saver.java	100644	765dd7b1299cb6d13cd2c9d5a817cdbf2ec7fede13eae67738e4aa6262dfd57d
	lib/sphinx4-5prealpha-src/sphinx4-core/src/main/java/edu/cmu/sphinx/linguist/acoustic/tiedstate/ScoreCachingSenone.java	100644	a15e0ee4948ed98b7aed94e86d903ba630e897080e5f53f63122fcbdf35f1ed9
	lib/sphinx4-5prealpha-src/sphinx4-core/src/main/java/edu/cmu/sphinx/linguist/acoustic/tiedstate/Senone.java	100644	2e328ac155414862c42a5b9ce217fe94ffbdffe15b46bc564cde7c2273c53bdf
	lib/sphinx4-5prealpha-src/sphinx4-core/src/main/java/edu/cmu/sphinx/linguist/acoustic/tiedstate/SenoneHMM.java	100644	5096ad80a13e2e3671f61a071c00f8495cf401bd66b3ccad628bb6df3cc0e3c1
	lib/sphinx4-5prealpha-src/sphinx4-core/src/main/java/edu/cmu/sphinx/linguist/acoustic/tiedstate/SenoneHMMState.java	100644	e1c68d7222e7447b89ac4e68125e398fb9aa1b8f34956a30554cb2bfacc89f2e
	lib/sphinx4-5prealpha-src/sphinx4-core/src/main/java/edu/cmu/sphinx/linguist/acoustic/tiedstate/SenoneSequence.java	100644	98f29895c70f2fdb80f8e8f10ecec1fcaa140cbbaaa1aa6e2e93e6848a7dd1aa
	lib/sphinx4-5prealpha-src/sphinx4-core/src/main/java/edu/cmu/sphinx/linguist/acoustic/tiedstate/Sphinx3Loader.java	100644	206e2742d944c054e6d854273495aee6b8475728e456be2a1cc35088de24eb23
	lib/sphinx4-5prealpha-src/sphinx4-core/src/main/java/edu/cmu/sphinx/linguist/acoustic/tiedstate/TiedStateAcousticModel.java	100644	c7c7daf7d3d495212fce67b4be6cfa4d1375f7ff1771cf6b86ec4e5ec6e55c35
	lib/sphinx4-5prealpha-src/sphinx4-core/src/main/java/edu/cmu/sphinx/linguist/acoustic/tiedstate/kaldi/ConstantEventMap.java	100644	d1570eb34d9cb2db9ac153ed86c1ab1a38531590b2696ed821d3bcf033747526
	lib/sphinx4-5prealpha-src/sphinx4-core/src/main/java/edu/cmu/sphinx/linguist/acoustic/tiedstate/kaldi/DiagGmm.java	100644	a0656a293d6f8fd1d00efd6c86d0db22311b97ba40bf87b52a45bb8b373def7a
	lib/sphinx4-5prealpha-src/sphinx4-core/src/main/java/edu/cmu/sphinx/linguist/acoustic/tiedstate/kaldi/EventMap.java	100644	6c2bba98cf9944d9d8eff18156ee7f0ba0e5e25d294ff271c3c17b80f0428101
	lib/sphinx4-5prealpha-src/sphinx4-core/src/main/java/edu/cmu/sphinx/linguist/acoustic/tiedstate/kaldi/EventMapWithKey.java	100644	a28fde32a19d54296398d60c9ba5b7d6cb000a589ebb84e7525566fdaaa07b1f
	lib/sphinx4-5prealpha-src/sphinx4-core/src/main/java/edu/cmu/sphinx/linguist/acoustic/tiedstate/kaldi/KaldiGmmPool.java	100644	ada62d228631c72a6bdaa80f3898551295f7148c833aa2041999b24e71c45ac5
	lib/sphinx4-5prealpha-src/sphinx4-core/src/main/java/edu/cmu/sphinx/linguist/acoustic/tiedstate/kaldi/KaldiTextParser.java	100644	dee6f855c709b82f20eea1285822ad5ebd701b8ec4e794139d2218b370170f4a
	lib/sphinx4-5prealpha-src/sphinx4-core/src/main/java/edu/cmu/sphinx/linguist/acoustic/tiedstate/kaldi/SplitEventMap.java	100644	04b87a17d61c68430b0ba50a9b618f359119db9f2782cc6060ed83477809efbd
	lib/sphinx4-5prealpha-src/sphinx4-core/src/main/java/edu/cmu/sphinx/linguist/acoustic/tiedstate/kaldi/TableEventMap.java	100644	581a71ac634eeea1ba6933339b56d9f98d94221a35d2d99a3adc91f223a33f27
	lib/sphinx4-5prealpha-src/sphinx4-core/src/main/java/edu/cmu/sphinx/linguist/acoustic/tiedstate/kaldi/TransitionModel.java	100644	2850cf9fe605db620cf9cec9d7940a5f74dbb860003a82fe8a5301fcde73a6f1
	lib/sphinx4-5prealpha-src/sphinx4-core/src/main/java/edu/cmu/sphinx/linguist/acoustic/tiedstate/tiedmixture/MixtureComponentSet.java	100644	4fb19acc3f507f26afa43e8863b081cdcb12669133a2f1d2df9e1563d9d0219f
	lib/sphinx4-5prealpha-src/sphinx4-core/src/main/java/edu/cmu/sphinx/linguist/acoustic/tiedstate/tiedmixture/MixtureComponentSetScores.java	100644	1eb82a0f9d834bd75c78cc2ec65471b61113519a68015250586ce6e0ce97dd64
	lib/sphinx4-5prealpha-src/sphinx4-core/src/main/java/edu/cmu/sphinx/linguist/acoustic/tiedstate/tiedmixture/PrunableMixtureComponent.java	100644	04a5d0d893039795e3e5c2a2d318d7f33b9a2da316cf31c97c0ff521fe6f0fec
	lib/sphinx4-5prealpha-src/sphinx4-core/src/main/java/edu/cmu/sphinx/linguist/acoustic/tiedstate/tiedmixture/SetBasedGaussianMixture.java	100644	b04f09f30925d613f712cbeff414108d2753d978a845bc41c575336dffe64a8b
	lib/sphinx4-5prealpha-src/sphinx4-core/src/main/java/edu/cmu/sphinx/linguist/acoustic/tiedstate/trainer/Buffer.java	100644	8a5808d1a9dfc9cd6a68a494f3b71c2189adde5e0888aaf4e16d1a2e5e325550
	lib/sphinx4-5prealpha-src/sphinx4-core/src/main/java/edu/cmu/sphinx/linguist/acoustic/tiedstate/trainer/HMMPoolManager.java	100644	acf964c07626358e8cfa549942542417c26fb218d5fc54fcc1a474be4e36cf93
	lib/sphinx4-5prealpha-src/sphinx4-core/src/main/java/edu/cmu/sphinx/linguist/acoustic/tiedstate/trainer/ModelInitializerLoader.java	100644	6db74bdc3293a43696e1eac60334f6dda6382382884aea04d4ef158358882c70
	lib/sphinx4-5prealpha-src/sphinx4-core/src/main/java/edu/cmu/sphinx/linguist/acoustic/tiedstate/trainer/Sphinx3Saver.java	100644	2b2f652f81ea40758e7ad7a3144cac24fa1b074f1a3d6f624b9858100cdd2e7b
	lib/sphinx4-5prealpha-src/sphinx4-core/src/main/java/edu/cmu/sphinx/linguist/acoustic/tiedstate/trainer/TrainerAcousticModel.java	100644	f7154ac11a38381032f15a955d2579c6c827e06f3cfae5fe4201ad5126e6134c
	lib/sphinx4-5prealpha-src/sphinx4-core/src/main/java/edu/cmu/sphinx/linguist/acoustic/tiedstate/trainer/TrainerScore.java	100644	0148c42e233ef2346dda4f5a477152d2a1602d3200e8f225aae73f5da9af937c
	lib/sphinx4-5prealpha-src/sphinx4-core/src/main/java/edu/cmu/sphinx/linguist/acoustic/trivial/TrivialAcousticModel.java	100644	b93ba1411ce67cd36ca2d9b3ce8df16260f62bc53f36a7f41ccf38c7ea613e21
	lib/sphinx4-5prealpha-src/sphinx4-core/src/main/java/edu/cmu/sphinx/linguist/aflat/AFlatLinguist.java	100644	02d2c715bb36a5c249714f3de7cbe05c844ac2cba66f31c1b13692fb748fa964
	lib/sphinx4-5prealpha-src/sphinx4-core/src/main/java/edu/cmu/sphinx/linguist/aflat/PhoneLoop.java	100644	429eefbd8109b881c754263ce1f0d3748ec3e6bdf89d3305dacecc48c3f19dac
	lib/sphinx4-5prealpha-src/sphinx4-core/src/main/java/edu/cmu/sphinx/linguist/allphone/AllphoneLinguist.java	100644	2c2717002420fed15ca7df6c72f9987d649583d73237f080fe7fb80b8124ada4
	lib/sphinx4-5prealpha-src/sphinx4-core/src/main/java/edu/cmu/sphinx/linguist/allphone/AllphoneSearchGraph.java	100644	32074b455177268cd124aec27217ad2a950a15a553c7daf36deec747f6dd795b
	lib/sphinx4-5prealpha-src/sphinx4-core/src/main/java/edu/cmu/sphinx/linguist/allphone/PhoneHmmSearchState.java	100644	21a0a5df1353bb69dddd2843859ebbaf54bddb0d4b1d0b7be79e54fd28ec2ffb
	lib/sphinx4-5prealpha-src/sphinx4-core/src/main/java/edu/cmu/sphinx/linguist/allphone/PhoneNonEmittingSearchState.java	100644	9d544bffb0d62b32ed39bec4faee0b580db7b1c88caa8db8c944e44bba5256eb
	lib/sphinx4-5prealpha-src/sphinx4-core/src/main/java/edu/cmu/sphinx/linguist/allphone/PhoneWordSearchState.java	100644	70972ee9eb086eda5a59fdc63059c71c818e04fef63e4ad309b01efa797129f2
	lib/sphinx4-5prealpha-src/sphinx4-core/src/main/java/edu/cmu/sphinx/linguist/dflat/DynamicFlatLinguist.java	100644	27020577514732526cc17f76ddc950e861380be10bb72aa16ed91f0e23321c56
	lib/sphinx4-5prealpha-src/sphinx4-core/src/main/java/edu/cmu/sphinx/linguist/dflat/OutOfGrammarGraph.java	100644	d8bf75c86c62add1cd8fd5dea4deede0708a9b5810215e065b99cd6a4246aecc
	lib/sphinx4-5prealpha-src/sphinx4-core/src/main/java/edu/cmu/sphinx/linguist/dictionary/Dictionary.java	100644	9f29bae20fc6768ba606268c8a1586eb51d3784c628d327be5267f4055a2f61a
	lib/sphinx4-5prealpha-src/sphinx4-core/src/main/java/edu/cmu/sphinx/linguist/dictionary/MappingDictionary.java	100644	f7bcc382d08feacd0b811cd97cfa7cf7850cf8906a4222f0d8ee94566c8a428c
	lib/sphinx4-5prealpha-src/sphinx4-core/src/main/java/edu/cmu/sphinx/linguist/dictionary/Pronunciation.java	100644	54acf703a27ca62dced8d9215a67b37eabc81a585b0581136e93a7479dd18ef6
	lib/sphinx4-5prealpha-src/sphinx4-core/src/main/java/edu/cmu/sphinx/linguist/dictionary/TextDictionary.java	100644	05239323ee9de7f1dd064f03d36262bee3156d2e6575736335206057a2c67101
	lib/sphinx4-5prealpha-src/sphinx4-core/src/main/java/edu/cmu/sphinx/linguist/dictionary/Word.java	100644	7ae1cc751f9eec578c497a2c0961dd35db5452512bf0e0ac01a00ec28b393b32
	lib/sphinx4-5prealpha-src/sphinx4-core/src/main/java/edu/cmu/sphinx/linguist/flat/AlternativeState.java	100644	4328f9b24e48cfe307ff0c522dea3fae83a9a2eeddf88620601d32beab76c69d
	lib/sphinx4-5prealpha-src/sphinx4-core/src/main/java/edu/cmu/sphinx/linguist/flat/BranchState.java	100644	a96f2f5bf9eb7ad860c5973f01800797c090ed8227ab86ee8f150a04de5c5d12
	lib/sphinx4-5prealpha-src/sphinx4-core/src/main/java/edu/cmu/sphinx/linguist/flat/CIPhoneLoop.java	100644	1b2b5a33a88febf4a7e5bc6f9b38ccfba2f3d33764389a2aff043156b9b5266f
	lib/sphinx4-5prealpha-src/sphinx4-core/src/main/java/edu/cmu/sphinx/linguist/flat/ExtendedUnitState.java	100644	164234c78f3f9693e8850a5ed43e90069d57759a722c073ccef4fbf5775229ea
	lib/sphinx4-5prealpha-src/sphinx4-core/src/main/java/edu/cmu/sphinx/linguist/flat/FlatLinguist.java	100644	5a01b66d69f01f9de1a5d53a6c6190ddfd2c3b5a104d489bd6fc707fe6e0a102
	lib/sphinx4-5prealpha-src/sphinx4-core/src/main/java/edu/cmu/sphinx/linguist/flat/GrammarPoint.java	100644	c9cc835c98f9fa54bb7bb3352dd719dce1c453d4e108098ea1cb5aefc2b9b49b
	lib/sphinx4-5prealpha-src/sphinx4-core/src/main/java/edu/cmu/sphinx/linguist/flat/GrammarState.java	100644	fe27c05279f5f0713d6427ef5d0ee08e4f4d2db3c87431a84b1fbf97cb04b45d
	lib/sphinx4-5prealpha-src/sphinx4-core/src/main/java/edu/cmu/sphinx/linguist/flat/HMMStateState.java	100644	2b5f96b6734f0cc9e975ad85fb71390c43a5ddf81c33fe9dd177f69dbf8a5005
	lib/sphinx4-5prealpha-src/sphinx4-core/src/main/java/edu/cmu/sphinx/linguist/flat/NonEmittingHMMState.java	100644	a18b3f7010987837baea3bd2375012e17f00fc2c814e3a89ed932f0569df61a7
	lib/sphinx4-5prealpha-src/sphinx4-core/src/main/java/edu/cmu/sphinx/linguist/flat/PronunciationState.java	100644	f922bf0384c6d6b4d72275c24187b4a453307e893c5c985c9dbaaa8b8031d4b4
	lib/sphinx4-5prealpha-src/sphinx4-core/src/main/java/edu/cmu/sphinx/linguist/flat/SentenceHMMState.java	100644	0a0b5a2bf4b2cc0f58aabbe221d5b11feda0b7b8f44bf56e4cb4f813ac97aee3
	lib/sphinx4-5prealpha-src/sphinx4-core/src/main/java/edu/cmu/sphinx/linguist/flat/SentenceHMMStateArc.java	100644	7d00f8759c86ecd1692908d37dcf42838fd1a801a8951af9613e0d341034c64d
	lib/sphinx4-5prealpha-src/sphinx4-core/src/main/java/edu/cmu/sphinx/linguist/flat/SentenceHMMStateVisitor.java	100644	7559b2bee43f8d1fa0e1d3f52f0da2a209e27602496f1ce33f49349c87a48b2f
	lib/sphinx4-5prealpha-src/sphinx4-core/src/main/java/edu/cmu/sphinx/linguist/flat/UnitState.java	100644	2eb556b32f74a7cdb0103cfeb8f843b7276600887493172229d1a2e86c7c071a
	lib/sphinx4-5prealpha-src/sphinx4-core/src/main/java/edu/cmu/sphinx/linguist/flat/WordState.java	100644	c782113ce018e06a355c3f61510adbc9f12da4e4c9d31573a92ca172d1b679cf
	lib/sphinx4-5prealpha-src/sphinx4-core/src/main/java/edu/cmu/sphinx/linguist/g2p/G2PConverter.java	100644	2aaee7361fa7d55c9bf25000854df7fab2d0c8ff06c9808a19082eef3a8aaa44
	lib/sphinx4-5prealpha-src/sphinx4-core/src/main/java/edu/cmu/sphinx/linguist/g2p/Path.java	100644	730da23d5eee8437b315213327d58a8ae5a5a21beeb68c053880cae64a593e1c
	lib/sphinx4-5prealpha-src/sphinx4-core/src/main/java/edu/cmu/sphinx/linguist/g2p/PathComparator.java	100644	1ca368fb3b3648def526d2efacba13f9cef21f7b99305cc234ed373980c974ba
	lib/sphinx4-5prealpha-src/sphinx4-core/src/main/java/edu/cmu/sphinx/linguist/language/classes/ClassBasedLanguageModel.java	100644	8dae45abd22320cef98436cdcd3e027ef8573285aaf2870d012f5216b1b2ca6e
	lib/sphinx4-5prealpha-src/sphinx4-core/src/main/java/edu/cmu/sphinx/linguist/language/classes/ClassMap.java	100644	51bf1fa6c22c63f86532c975f243098e832292becd7364b43417f47a11891982
	lib/sphinx4-5prealpha-src/sphinx4-core/src/main/java/edu/cmu/sphinx/linguist/language/classes/ClassPresentingDictionary.java	100644	60e96fdd1dab0b20c4aa35ee5bc4f6bf6f268e405313f5498e20717590a53e36
	lib/sphinx4-5prealpha-src/sphinx4-core/src/main/java/edu/cmu/sphinx/linguist/language/classes/ClassProbability.java	100644	d3861c10e8b538095592b08863644aaff20f24b04c90277068c48838d8b3d5c1
	lib/sphinx4-5prealpha-src/sphinx4-core/src/main/java/edu/cmu/sphinx/linguist/language/grammar/AlignerGrammar.java	100644	51154b4b946b81cb84c3eac58b5b3e14c330ab150b92274515a8d9f775d2f806
	lib/sphinx4-5prealpha-src/sphinx4-core/src/main/java/edu/cmu/sphinx/linguist/language/grammar/BatchForcedAlignerGrammar.java	100644	b2aa99bcf99432afe79d037ba0bf054f8ef9559fc96d9e2dae353bd403d60809
	lib/sphinx4-5prealpha-src/sphinx4-core/src/main/java/edu/cmu/sphinx/linguist/language/grammar/FSTGrammar.java	100644	31e0eb98dc0eb48dc0ed465057c8d4904c3223af7c1699b33f9796044610be31
	lib/sphinx4-5prealpha-src/sphinx4-core/src/main/java/edu/cmu/sphinx/linguist/language/grammar/ForcedAlignerGrammar.java	100644	5faa28aa5c722f2473f7b91155ec4a58d8e30f576fa3d5b6bd218012f9c94996
	lib/sphinx4-5prealpha-src/sphinx4-core/src/main/java/edu/cmu/sphinx/linguist/language/grammar/Grammar.java	100644	a5f074491518e8b337d4c556fd21e4c5b3ee800710132a3c322e39da7a3374bd
	lib/sphinx4-5prealpha-src/sphinx4-core/src/main/java/edu/cmu/sphinx/linguist/language/grammar/GrammarArc.java	100644	574ca870b1c87acab44d3d43280fadc3dcea08b98ca66dc5427d345f36a698e0
	lib/sphinx4-5prealpha-src/sphinx4-core/src/main/java/edu/cmu/sphinx/linguist/language/grammar/GrammarInterface.java	100644	db10fa6cf947bb061f3155f66576ec9ae7dfd912523dfdafc42812f02cfb61c9
	lib/sphinx4-5prealpha-src/sphinx4-core/src/main/java/edu/cmu/sphinx/linguist/language/grammar/GrammarNode.java	100644	c6f6434863b654000c6f9b5e85c7b860f5a9abce8469095fbf91680c8c29b1c4
	lib/sphinx4-5prealpha-src/sphinx4-core/src/main/java/edu/cmu/sphinx/linguist/language/grammar/LMGrammar.java	100644	41b5bf8100a8a552461542ead281c61d3e6f22ab75d74b5d7f0511c6bd180ffe
	lib/sphinx4-5prealpha-src/sphinx4-core/src/main/java/edu/cmu/sphinx/linguist/language/grammar/LatticeGrammar.java	100644	5bd0c141d4e57c561e9d19112bdc0f2bf90a19cbcc683f9e099bef0aa754648a
	lib/sphinx4-5prealpha-src/sphinx4-core/src/main/java/edu/cmu/sphinx/linguist/language/grammar/SimpleWordListGrammar.java	100644	928eff16b8998f05f501c0c4a38dab238f719e3958cacd3e47929a9e56bbf2b0
	lib/sphinx4-5prealpha-src/sphinx4-core/src/main/java/edu/cmu/sphinx/linguist/language/ngram/DynamicTrigramModel.java	100644	82d482e02ef360e89d12dccf7229adb7d9148a4c29a01db724c70ab5d615affa
	lib/sphinx4-5prealpha-src/sphinx4-core/src/main/java/edu/cmu/sphinx/linguist/language/ngram/InterpolatedLanguageModel.java	100644	4b8032fc6dde84a5e3447720643b73b646427e9b7cbd6ee91285bbadaa73d189
	lib/sphinx4-5prealpha-src/sphinx4-core/src/main/java/edu/cmu/sphinx/linguist/language/ngram/KeywordOptimizerModel.java	100644	68d1568065865f96400b670ead46b0daa7740a4d58122cd22a5aab78e5337935
	lib/sphinx4-5prealpha-src/sphinx4-core/src/main/java/edu/cmu/sphinx/linguist/language/ngram/LanguageModel.java	100644	061409a50575b482ae178b747a3523d05895fe80d6627afceebeace06b877c67
	lib/sphinx4-5prealpha-src/sphinx4-core/src/main/java/edu/cmu/sphinx/linguist/language/ngram/NetworkLanguageModel.java	100644	deed9c781a0f82454edd8488b8e5f930684f7c2d1e6b7834f2c582c54b31d1b6
	lib/sphinx4-5prealpha-src/sphinx4-core/src/main/java/edu/cmu/sphinx/linguist/language/ngram/SimpleNGramModel.java	100644	49a7d6305f14562abf6708c46d69c7fbeea62c97dc901185d93d9c83b4187f3e
	lib/sphinx4-5prealpha-src/sphinx4-core/src/main/java/edu/cmu/sphinx/linguist/language/ngram/large/BinaryLoader.java	100644	7d0b493e8334fe38c8b035e797d8f3a22571911d7b54977231c905ea810e1c45
	lib/sphinx4-5prealpha-src/sphinx4-core/src/main/java/edu/cmu/sphinx/linguist/language/ngram/large/BinaryStreamLoader.java	100644	2456b7cf9092e978fd0b3217a5dc2080685f186bc073a5611e2e29fe6965cf08
	lib/sphinx4-5prealpha-src/sphinx4-core/src/main/java/edu/cmu/sphinx/linguist/language/ngram/large/KeywordOptimizerLargeNGramModel.java	100644	52d0b0ce0aedd6dffde34ee5e1863930a44b5a37a23a5f11e3e62aecc7ae121b
	lib/sphinx4-5prealpha-src/sphinx4-core/src/main/java/edu/cmu/sphinx/linguist/language/ngram/large/LargeNGramModel.java	100644	378ef24545fce46da7ffddd39018bb8b71f6cbfbd85c35e3b2d849fcac50d15a
	lib/sphinx4-5prealpha-src/sphinx4-core/src/main/java/edu/cmu/sphinx/linguist/language/ngram/large/LargeTrigramModel.java	100644	292310f1184f37ff381ffcc9a2e3cfc90ae870a233b9a51a60aa6985a2f3c03a
	lib/sphinx4-5prealpha-src/sphinx4-core/src/main/java/edu/cmu/sphinx/linguist/language/ngram/large/NGramBuffer.java	100644	a4887c465f6ed2494055b88602cd529d7a853e2a67164d0aeb351451ec8b1d15
	lib/sphinx4-5prealpha-src/sphinx4-core/src/main/java/edu/cmu/sphinx/linguist/language/ngram/large/NGramProbability.java	100644	13eb2a53f253382da8c58d85f57106927fd45ca46d4521a714dd69d8dda09572
	lib/sphinx4-5prealpha-src/sphinx4-core/src/main/java/edu/cmu/sphinx/linguist/language/ngram/large/NMaxGramBuffer.java	100644	2a4fcb787a0823eb60b311f473e5a1fbeb604b74e15ef3f8d0e5c8985b6fd4fb
	lib/sphinx4-5prealpha-src/sphinx4-core/src/main/java/edu/cmu/sphinx/linguist/language/ngram/large/UnigramProbability.java	100644	b1eeea8254996ccc12629c54c580d8e3f5fac0b17763285256d5bb24473be457
	lib/sphinx4-5prealpha-src/sphinx4-core/src/main/java/edu/cmu/sphinx/linguist/language/ngram/trie/BinaryLoader.java	100644	762d7ef5849eb0d1adc1ef21914ff0a2435aff07ee4bc6a82f43ec3ea5eba74f
	lib/sphinx4-5prealpha-src/sphinx4-core/src/main/java/edu/cmu/sphinx/linguist/language/ngram/trie/NgramTrie.java	100644	bbacfc9c79898f8d96e1aba6492a8d6f4229a16173c4ca248f46a168f7c6196e
	lib/sphinx4-5prealpha-src/sphinx4-core/src/main/java/edu/cmu/sphinx/linguist/language/ngram/trie/NgramTrieBitarr.java	100644	e29ede8faf1473222325be94f9d755f24382123a2a4dc95cf2a160c085774f4a
	lib/sphinx4-5prealpha-src/sphinx4-core/src/main/java/edu/cmu/sphinx/linguist/language/ngram/trie/NgramTrieModel.java	100644	a034313d037ae2d698afc42588ebad107cc20f04b783310e50219b041aab716e
	lib/sphinx4-5prealpha-src/sphinx4-core/src/main/java/edu/cmu/sphinx/linguist/language/ngram/trie/NgramTrieQuant.java	100644	d059445b7451296f858586cae6b87f57d7e7e39110e371bdf3e5c9d14ac6387c
	lib/sphinx4-5prealpha-src/sphinx4-core/src/main/java/edu/cmu/sphinx/linguist/lextree/HMMTree.java	100644	903e9875dd0b234fdc4c9f0fa9e2f279cc9f83932e20a4fac6f2896bd67a414c
	lib/sphinx4-5prealpha-src/sphinx4-core/src/main/java/edu/cmu/sphinx/linguist/lextree/LexTreeLinguist.java	100644	6dc76b774a8bad6f5294844979578162304b82cbef53b2d287c7b85c6d05b2d9
	lib/sphinx4-5prealpha-src/sphinx4-core/src/main/java/edu/cmu/sphinx/linguist/util/GDLDumper.java	100644	38daf56252a6d6168fe7831159d70ac7fa409806b5f3b57949e67f861c730880
	lib/sphinx4-5prealpha-src/sphinx4-core/src/main/java/edu/cmu/sphinx/linguist/util/LRUCache.java	100644	cde479a0d85ee8d8283872abd0001c0b13d53675ccf7b4b4dfdef89edc618298
	lib/sphinx4-5prealpha-src/sphinx4-core/src/main/java/edu/cmu/sphinx/linguist/util/LinguistDumper.java	100644	56a7c912eadb696c460d349464ffb54ecadeda848f3b38b57d69aed42760283b
	lib/sphinx4-5prealpha-src/sphinx4-core/src/main/java/edu/cmu/sphinx/linguist/util/LinguistStats.java	100644	8dbaf2a9beff3f42ab51f7c3e5db0c9d41de03fcbb5db7de48b5e084ad596ce3
	lib/sphinx4-5prealpha-src/sphinx4-core/src/main/java/edu/cmu/sphinx/linguist/util/LinguistTimer.java	100644	0b89a33609bc3b8d0d2a346c6c2d9628f31dceb6623cf86cffa62b1824365b37
	lib/sphinx4-5prealpha-src/sphinx4-core/src/main/java/edu/cmu/sphinx/recognizer/Recognizer.java	100644	70ed4d251aec050d6fc973cc10d3e6602d9c3fd7ae7eb716370c2e3ff682710b
	lib/sphinx4-5prealpha-src/sphinx4-core/src/main/java/edu/cmu/sphinx/recognizer/StateListener.java	100644	c66f0c353a2f7aa22448dfe3a10c540db872f4dc4c3b6edb46b089d0d13308e1
	lib/sphinx4-5prealpha-src/sphinx4-core/src/main/java/edu/cmu/sphinx/result/BoundedPriorityQueue.java	100644	25c1b046d5f5934603c94bba2aed702b33377e3b5cc20584dc6bec9b9cc887ce
	lib/sphinx4-5prealpha-src/sphinx4-core/src/main/java/edu/cmu/sphinx/result/Edge.java	100644	9dd4b158c00f6c47e585c4fba0f802648909dbcd0227f46744f2669d67384495
	lib/sphinx4-5prealpha-src/sphinx4-core/src/main/java/edu/cmu/sphinx/result/FrameStatistics.java	100644	f1f1e9bb5fbcb7bc3a69606ef7cd5095fc5ca0fb8f96a3216888c911e6fddeeb
	lib/sphinx4-5prealpha-src/sphinx4-core/src/main/java/edu/cmu/sphinx/result/GDLLatticeFactory.java	100644	20583c4d4502b1055cdd5b2bea97869529950764ccc70ad9856b2c3fb4772e15
	lib/sphinx4-5prealpha-src/sphinx4-core/src/main/java/edu/cmu/sphinx/result/Lattice.java	100644	cc92849236bc3676419516be4996c2494daf63685a6464749023a1c80762cdce
	lib/sphinx4-5prealpha-src/sphinx4-core/src/main/java/edu/cmu/sphinx/result/LatticeOptimizer.java	100644	52e3cb8cdb9c088de975775660a702cbb923deb9effcfef7faff3c35d4ab3c5b
	lib/sphinx4-5prealpha-src/sphinx4-core/src/main/java/edu/cmu/sphinx/result/LatticeRescorer.java	100644	cf82764c5a36ca69b7df1472d18dca732bdfd5acf5a3d9a430a1bc693f7bf66f
	lib/sphinx4-5prealpha-src/sphinx4-core/src/main/java/edu/cmu/sphinx/result/Nbest.java	100644	62c0affd241c0ecdef162ab395d1b18adf2df7fcc03ae5fe76e10e277c6d8b15
	lib/sphinx4-5prealpha-src/sphinx4-core/src/main/java/edu/cmu/sphinx/result/Node.java	100644	e2973a18cabfd049cf1888427c6d6c1e585c130eaf0db44eee9c1c7030b14218
	lib/sphinx4-5prealpha-src/sphinx4-core/src/main/java/edu/cmu/sphinx/result/Path.java	100644	8fd3265373add1170070d56fc899312c5d0f290960b766b4a9852e36bae9ce02
	lib/sphinx4-5prealpha-src/sphinx4-core/src/main/java/edu/cmu/sphinx/result/Result.java	100644	0ff2a17566e1863f6a5fceea02c83f9d59e2077e7db3268f02e6d940c94395d9
	lib/sphinx4-5prealpha-src/sphinx4-core/src/main/java/edu/cmu/sphinx/result/TokenGraphDumper.java	100644	9df9d350a7f0938c866ead60510e7a1fc9c080b8494118c7f57eb2e406bfd614
	lib/sphinx4-5prealpha-src/sphinx4-core/src/main/java/edu/cmu/sphinx/result/WordResult.java	100644	4b8f7d89b80f8b22fb8cf8a1a93b519e97e1b477b4d8962d151f662bd431d894
	lib/sphinx4-5prealpha-src/sphinx4-core/src/main/java/edu/cmu/sphinx/speakerid/Segment.java	100644	daa7d7d502ef469c84f32de308d03c22f7ab90ff084cef18e683e3813bc940d5
	lib/sphinx4-5prealpha-src/sphinx4-core/src/main/java/edu/cmu/sphinx/speakerid/SpeakerCluster.java	100644	49d9ca171249716c23175d6e7915754087c5e93c211be3a00a3faed1218823f7
	lib/sphinx4-5prealpha-src/sphinx4-core/src/main/java/edu/cmu/sphinx/speakerid/SpeakerIdentification.java	100644	e27b45d849e9c696800cab71170800cecbe3d9d8a09ec18e0c562357f8b1df3a
	lib/sphinx4-5prealpha-src/sphinx4-core/src/main/java/edu/cmu/sphinx/speakerid/Tester.java	100644	f4feb80fc762941e8b314dc3ec2e8e5fe1b7017f81811879fe2618b1d867bce4
	lib/sphinx4-5prealpha-src/sphinx4-core/src/main/java/edu/cmu/sphinx/tools/aligner/Aligner.java	100644	50de2d149cd40d81c4a6a9238726f6b40912822b559d71b9fd9ae986693f1d42
	lib/sphinx4-5prealpha-src/sphinx4-core/src/main/java/edu/cmu/sphinx/tools/audio/AudioData.java	100644	800d54b5f388db51f88f7380e6caadf3bfff8123ee26c13cd8f7772cb847e1c6
	lib/sphinx4-5prealpha-src/sphinx4-core/src/main/java/edu/cmu/sphinx/tools/audio/AudioDataInputStream.java	100644	e40cba0741ed01e996fa0459b0876bd4129881fc9da57ea8990a1bcb5d441281
	lib/sphinx4-5prealpha-src/sphinx4-core/src/main/java/edu/cmu/sphinx/tools/audio/AudioPanel.java	100644	948a157261f2302201b48f994011b3770ab55b1080cec1e71638157e78f9f155
	lib/sphinx4-5prealpha-src/sphinx4-core/src/main/java/edu/cmu/sphinx/tools/audio/AudioPlayer.java	100644	4de46722a6db89bd19e1a9a14255ae380d1f32647793e58018319bc3f3b15a45
	lib/sphinx4-5prealpha-src/sphinx4-core/src/main/java/edu/cmu/sphinx/tools/audio/AudioTool.java	100644	b657164e17b3d860884e1dce1ea33786d48138c1ddcae45e735f84c98a6b4e9d
	lib/sphinx4-5prealpha-src/sphinx4-core/src/main/java/edu/cmu/sphinx/tools/audio/CepstrumPanel.java	100644	e2584499310ea62ce4e8b86b5274718fa10bc36ced2942e7dd51d46f8eb412cf
	lib/sphinx4-5prealpha-src/sphinx4-core/src/main/java/edu/cmu/sphinx/tools/audio/Downsampler.java	100644	c1852ff6fff6bf1e135e6859c0e8a3b7ffcd935a33676ef3cfd091851ad72d5a
	lib/sphinx4-5prealpha-src/sphinx4-core/src/main/java/edu/cmu/sphinx/tools/audio/FilenameDialog.java	100644	e466083c2158eba8331f4b2e9f6c286aa7f00f97b57037c0d85cabadeb6f1928
	lib/sphinx4-5prealpha-src/sphinx4-core/src/main/java/edu/cmu/sphinx/tools/audio/RawReader.java	100644	1c1c6f1b3f157c4d7df14ec485cee567d66c26e5d055ff45ec586fdb4f744ac4
	lib/sphinx4-5prealpha-src/sphinx4-core/src/main/java/edu/cmu/sphinx/tools/audio/RawRecorder.java	100644	9f4f53d43acd2c8f479319beb319f8687322c124cb742ed45df87d521a42bf5f
	lib/sphinx4-5prealpha-src/sphinx4-core/src/main/java/edu/cmu/sphinx/tools/audio/RawWriter.java	100644	71cef887b9abee37eaa31f9fcda669895f600fb1a2246615505836deb3469808
	lib/sphinx4-5prealpha-src/sphinx4-core/src/main/java/edu/cmu/sphinx/tools/audio/Sinusoid.java	100644	3db0f93043220479981a5018a10b1403f6a6a0b7940dcde27c5071d7bf8a9a72
	lib/sphinx4-5prealpha-src/sphinx4-core/src/main/java/edu/cmu/sphinx/tools/audio/SpectrogramPanel.java	100644	d3e85953fdcff64085298c31e1c9179a36a4e21250c88df27c1f646af4ac6b3a
	lib/sphinx4-5prealpha-src/sphinx4-core/src/main/java/edu/cmu/sphinx/tools/audio/Utils.java	100644	01e9fa0bf1ea0751ab58215cd26c3af6b54106f4704f98975c9a1a29c253096e
	lib/sphinx4-5prealpha-src/sphinx4-core/src/main/java/edu/cmu/sphinx/tools/bandwidth/BandDetector.java	100644	1b7532f81ecca765c3cfb3566980ab66eaa28d39200802eda445823134ea3c9c
	lib/sphinx4-5prealpha-src/sphinx4-core/src/main/java/edu/cmu/sphinx/tools/batch/BatchDecoderRecognizer.java	100644	3256cdd270513bc30a6a63a0f4150f8069f3be04c9b4e1dc78819e31b28ae074
	lib/sphinx4-5prealpha-src/sphinx4-core/src/main/java/edu/cmu/sphinx/tools/batch/BatchForcedAlignerRecognizer.java	100644	20aadc926794f2f89fecd8bea3804ee9c69a591a52df49b5d070f7dc79a0ffaa
	lib/sphinx4-5prealpha-src/sphinx4-core/src/main/java/edu/cmu/sphinx/tools/batch/BatchModeRecognizer.java	100644	cf33926feea2b55e18a98a5615226a301314c5349781b6573ec25ccd151824c0
	lib/sphinx4-5prealpha-src/sphinx4-core/src/main/java/edu/cmu/sphinx/tools/batch/BatchNISTRecognizer.java	100644	224f30bc9adf54eb7adfc3d8c8655a416e1375b6a6d5cc710a2fa2923cf50fe4
	lib/sphinx4-5prealpha-src/sphinx4-core/src/main/java/edu/cmu/sphinx/tools/batch/SphinxShell.java	100644	7140fd80b21ff9e9b62e899b603d523af0a04f19c267c74628097f738336c28b
	lib/sphinx4-5prealpha-src/sphinx4-core/src/main/java/edu/cmu/sphinx/tools/endpoint/Segmenter.java	100644	e47786a8164b4488bbb7daeb9cfb3ac552e88a73bf35f37e8e9aa2aa4ab78d87
	lib/sphinx4-5prealpha-src/sphinx4-core/src/main/java/edu/cmu/sphinx/tools/feature/FeatureFileDumper.java	100644	2fdc7037ffdc2c91fa1b051121a381cc248150c14d5e13fa9ba80c514ac6036f
	lib/sphinx4-5prealpha-src/sphinx4-core/src/main/java/edu/cmu/sphinx/tools/live/LiveModeRecognizer.java	100644	49a7b03640e4e2f11da112c639d6e5e293e9889e46d666bfdb65aa679ccd434f
	lib/sphinx4-5prealpha-src/sphinx4-core/src/main/java/edu/cmu/sphinx/tools/transcriber/Transcriber.java	100644	f7f96d5e24c3ebdecd5bd4a2892782524dbf449f9b61478276aee7154c83d031
	lib/sphinx4-5prealpha-src/sphinx4-core/src/main/java/edu/cmu/sphinx/trainer/BaumWelchLearner.java	100644	3a216dd0bef05682268e990db3c79e57659df82a270f9f7ca35ce6a9952691fd
	lib/sphinx4-5prealpha-src/sphinx4-core/src/main/java/edu/cmu/sphinx/trainer/BuildTranscriptHMM.java	100644	be8066274addb0cfe7f785e062bd55f56146e9091832bd4f80b215fe94f1f334
	lib/sphinx4-5prealpha-src/sphinx4-core/src/main/java/edu/cmu/sphinx/trainer/ControlFile.java	100644	a34f6c24930216f73200e3c54c9cb7f36ce5b0ac8f96337652938768eeb670a2
	lib/sphinx4-5prealpha-src/sphinx4-core/src/main/java/edu/cmu/sphinx/trainer/Edge.java	100644	28c6e621f5cae0aa63aa7513815482c0ba6e506c71e6a01bd0d228a8eef34713
	lib/sphinx4-5prealpha-src/sphinx4-core/src/main/java/edu/cmu/sphinx/trainer/FlatInitializerLearner.java	100644	f855cf409cede7be42ca4e4731566f21261f6a2c09faf3e45cd0cb5e602d34ba
	lib/sphinx4-5prealpha-src/sphinx4-core/src/main/java/edu/cmu/sphinx/trainer/Graph.java	100644	3611e4b190e23f3d18b5edb2216b0ab760b556fcb8a33cd4819ef0cd1eaa294b
	lib/sphinx4-5prealpha-src/sphinx4-core/src/main/java/edu/cmu/sphinx/trainer/Learner.java	100644	58a7d67ac09445300c25048ee283cb1609c00cd5c9339b0d3f226cadc735e4f4
	lib/sphinx4-5prealpha-src/sphinx4-core/src/main/java/edu/cmu/sphinx/trainer/Node.java	100644	7724b4e3056e51caa28970b91928ee73196de98e4b175b119905b9b8f796fdb7
	lib/sphinx4-5prealpha-src/sphinx4-core/src/main/java/edu/cmu/sphinx/trainer/NodeType.java	100644	85794d541e594c3ef50130b7730c1e0cf6cc439a72bb6b75433f22e1a2846722
	lib/sphinx4-5prealpha-src/sphinx4-core/src/main/java/edu/cmu/sphinx/trainer/SimpleControlFile.java	100644	3509a8ab5cee6a6d5a49b9e24620c260b32807f96749a8e60c457b5f49c4c837
	lib/sphinx4-5prealpha-src/sphinx4-core/src/main/java/edu/cmu/sphinx/trainer/SimpleTrainManager.java	100644	ce15e6dbd400a46a30e9d8a857fbdcdaf5afcb6e4c3faf822f4f1beec25bdb2a
	lib/sphinx4-5prealpha-src/sphinx4-core/src/main/java/edu/cmu/sphinx/trainer/SimpleTranscript.java	100644	8beb0d6ec1ec0eac6ed7008471ee4defe70a18a5aad84b308ff406c6d5607b48
	lib/sphinx4-5prealpha-src/sphinx4-core/src/main/java/edu/cmu/sphinx/trainer/SimpleUtterance.java	100644	618c7a7ff1f213f7e83faf1341412b458c3963ab08c4ee2c8f3803aea00d1251
	lib/sphinx4-5prealpha-src/sphinx4-core/src/main/java/edu/cmu/sphinx/trainer/Stage.java	100644	bc39c65358caccf014a3f690195b325a4b2c6efb099b7625794a05b58dc785a6
	lib/sphinx4-5prealpha-src/sphinx4-core/src/main/java/edu/cmu/sphinx/trainer/TrainManager.java	100644	851b384521a288aa47e1370ef4ae347b0e0529e715eb4a5dfb88d1aaf489a31d
	lib/sphinx4-5prealpha-src/sphinx4-core/src/main/java/edu/cmu/sphinx/trainer/Trainer.java	100644	e554522916d5bd85c24dd4dd2ee0d61e89d95c844aa2b00d75117d218618ed81
	lib/sphinx4-5prealpha-src/sphinx4-core/src/main/java/edu/cmu/sphinx/trainer/TrainerDictionary.java	100644	a285577eb6bbcb24316ad391ee679508b229ad949cf8a6b7dd714ea9bc42645d
	lib/sphinx4-5prealpha-src/sphinx4-core/src/main/java/edu/cmu/sphinx/trainer/TrainerLink.java	100644	6642c8947b1b204ea81901c1a7ea960ac0b57cd55da4319471f19779ad3360f3
	lib/sphinx4-5prealpha-src/sphinx4-core/src/main/java/edu/cmu/sphinx/trainer/TrainerToken.java	100644	82cc94d54f2d57a8ec95640fb3814003db61080c24c1c112249d836cd3438dfe
	lib/sphinx4-5prealpha-src/sphinx4-core/src/main/java/edu/cmu/sphinx/trainer/Transcript.java	100644	7257776602c8a38d1de6b17b5b09db442128929f8a185472e49e5a6202ba4a44
	lib/sphinx4-5prealpha-src/sphinx4-core/src/main/java/edu/cmu/sphinx/trainer/TranscriptGraph.java	100644	a85908559b4920b43a24b3d8863ceea27f56c90725326f41bf3d09ed1430c6fb
	lib/sphinx4-5prealpha-src/sphinx4-core/src/main/java/edu/cmu/sphinx/trainer/TranscriptHMMGraph.java	100644	2e384ccfa6311fc126f0bdc0f128df0ad5f1c752e3ef225155856034ac3d4f2c
	lib/sphinx4-5prealpha-src/sphinx4-core/src/main/java/edu/cmu/sphinx/trainer/Utterance.java	100644	9dd0a285427aed2296b25ede15fef117fa2d62c16ac5f92c82153b50487ab4fb
	lib/sphinx4-5prealpha-src/sphinx4-core/src/main/java/edu/cmu/sphinx/trainer/UtteranceGraph.java	100644	5e27bbc63461596e5bc7668c3d7f8166bed1ea1738349283c5eb9f9a774aeb85
	lib/sphinx4-5prealpha-src/sphinx4-core/src/main/java/edu/cmu/sphinx/trainer/UtteranceHMMGraph.java	100644	607f81250673995192d75501ed01c0d05c263668d3952d49199d831830aa37b3
	lib/sphinx4-5prealpha-src/sphinx4-core/src/main/java/edu/cmu/sphinx/util/BatchFile.java	100644	9786f3eb611d8fa595455cec7124370f9b9acb56545618ecd558541a8986b832
	lib/sphinx4-5prealpha-src/sphinx4-core/src/main/java/edu/cmu/sphinx/util/BatchItem.java	100644	15e5e57df0bb38adaa61eb4a8c16863eb1249743c840ab8597b121ffbc0b1822
	lib/sphinx4-5prealpha-src/sphinx4-core/src/main/java/edu/cmu/sphinx/util/BatchManager.java	100644	5fedee5130720ece94a243c49b04df535269f3f1bcf4f1feae1137e7d2795fb1
	lib/sphinx4-5prealpha-src/sphinx4-core/src/main/java/edu/cmu/sphinx/util/Cache.java	100644	95b455a2f86f093b0474b4443e16422e26e256c18681f8f63af24730ff31e963
	lib/sphinx4-5prealpha-src/sphinx4-core/src/main/java/edu/cmu/sphinx/util/CommandInterface.java	100644	e7a1c88a92c07b20694fbd31e7ccc6119208ff9ebf4215c2c1e6cac9b7b856ed
	lib/sphinx4-5prealpha-src/sphinx4-core/src/main/java/edu/cmu/sphinx/util/CommandInterpreter.java	100644	e779e1cd262269ec99551dabee58968d4b0a5033cfe4292a63192895ef812d08
	lib/sphinx4-5prealpha-src/sphinx4-core/src/main/java/edu/cmu/sphinx/util/Complex.java	100644	59414f421545a934eb164988228a81f2b3c520ec6770e9d4cd0e36e1da7a97eb
	lib/sphinx4-5prealpha-src/sphinx4-core/src/main/java/edu/cmu/sphinx/util/CustomThreadFactory.java	100644	3d9ec1bf319bc81d94029f72f2d5600dad84ad01d1e6d35f0668aed3afd4156f
	lib/sphinx4-5prealpha-src/sphinx4-core/src/main/java/edu/cmu/sphinx/util/ExtendedStreamTokenizer.java	100644	8130a97440eba9a0cf96da303094371416a1ddbbd32c5db1796732aa88ca0142
	lib/sphinx4-5prealpha-src/sphinx4-core/src/main/java/edu/cmu/sphinx/util/FileReferenceSource.java	100644	7a5a6c79d52a9be12d43be7d393a3f356c48338680e4cf323ab6ca2486232935
	lib/sphinx4-5prealpha-src/sphinx4-core/src/main/java/edu/cmu/sphinx/util/GapInsertionDetector.java	100644	55f2b81b89bbb39bb96c23c69cde012728f6cc799aebe5d19cc3f7d46853c8f1
	lib/sphinx4-5prealpha-src/sphinx4-core/src/main/java/edu/cmu/sphinx/util/LogMath.java	100644	7fcddfb2840604c89ce8cc7239af9ba74c961380b9b10fd5b418acf55abe0fdf
	lib/sphinx4-5prealpha-src/sphinx4-core/src/main/java/edu/cmu/sphinx/util/MatrixUtils.java	100644	dfece0c03b78e87f8251842b2d51071577f165b5e3caadd42611f60e65d6ad9a
	lib/sphinx4-5prealpha-src/sphinx4-core/src/main/java/edu/cmu/sphinx/util/NISTAlign.java	100644	92dde7b06b9e546ff4c16b49da48b5705c7ada8be7a21c9a75ea8efc1a644217
	lib/sphinx4-5prealpha-src/sphinx4-core/src/main/java/edu/cmu/sphinx/util/PooledBatchManager.java	100644	54cbcf135254fa310171cafaba6709175ccb44331481a03008a76f7f1bd8e747
	lib/sphinx4-5prealpha-src/sphinx4-core/src/main/java/edu/cmu/sphinx/util/Range.java	100644	b53a086a35c41d841fccecbbf36d6345ba94666ec01a377e49925f2c5d63ac24
	lib/sphinx4-5prealpha-src/sphinx4-core/src/main/java/edu/cmu/sphinx/util/ReferenceSource.java	100644	17eef0c78ac43181f8fddec38b495cec9ab6242083918f867ed22eb25c01a295
	lib/sphinx4-5prealpha-src/sphinx4-core/src/main/java/edu/cmu/sphinx/util/SimpleBatchManager.java	100644	6672154ac45c0bf35aa0a76dcb50af2b77b9c2c3d38a55c1f043f51d0e57279b
	lib/sphinx4-5prealpha-src/sphinx4-core/src/main/java/edu/cmu/sphinx/util/SocketCommandClient.java	100644	81a9ad9d0f2cdb6d23e09c2d8bffcdaf1a0399664581d5b2d2b062ccac201249
	lib/sphinx4-5prealpha-src/sphinx4-core/src/main/java/edu/cmu/sphinx/util/SocketCommandInterpreter.java	100644	c6a24468a42680a7d1a153ae0640042e88d2a5e87c74de978b3a555603497c4c
	lib/sphinx4-5prealpha-src/sphinx4-core/src/main/java/edu/cmu/sphinx/util/SphinxHelp.java	100644	e124270a528b2fc0ad6e4ba1165a4f3375d2d7f0f1b5aa4f9118d2a9b1b1f412
	lib/sphinx4-5prealpha-src/sphinx4-core/src/main/java/edu/cmu/sphinx/util/SphinxLogFormatter.java	100644	94c0a13279cf22e0ce64c7f4cdc407da1005eadedc82e76bade3188960033ce8
	lib/sphinx4-5prealpha-src/sphinx4-core/src/main/java/edu/cmu/sphinx/util/StatisticsVariable.java	100644	fb6da18923d9744c4ee856121df2a89dabfa98aadeed5af022f37f2b884c83af
	lib/sphinx4-5prealpha-src/sphinx4-core/src/main/java/edu/cmu/sphinx/util/StreamFactory.java	100644	1c90a7aa2634fa1d54113d7392493de3bb5509c175e5e9062cf9e25bcbcaba1f
	lib/sphinx4-5prealpha-src/sphinx4-core/src/main/java/edu/cmu/sphinx/util/TimeFrame.java	100644	cf3fabc8b2267ff7ff65a5ce86b94e608d0c0db5f36d06bbeba96106c77afb14
	lib/sphinx4-5prealpha-src/sphinx4-core/src/main/java/edu/cmu/sphinx/util/Timer.java	100644	3987874f066e394b936ca421f2527695dcc5aeaee7cdb668cada1cc1a00bd740
	lib/sphinx4-5prealpha-src/sphinx4-core/src/main/java/edu/cmu/sphinx/util/TimerPool.java	100644	11d62f8ea77ae037c8197bd01ffb42a40e44e353a496702e42536c7cd850ce62
	lib/sphinx4-5prealpha-src/sphinx4-core/src/main/java/edu/cmu/sphinx/util/Utilities.java	100644	dc511945c48abb8d7d9c385a3afc0aad82c9822ea397bdec7aad5e50b8aecaac
	lib/sphinx4-5prealpha-src/sphinx4-core/src/main/java/edu/cmu/sphinx/util/machlearn/OVector.java	100644	ffb961f0e9da9286ca20c78f980ebdf8ffde403a5b4ada5f21f5f4258df0b165
	lib/sphinx4-5prealpha-src/sphinx4-core/src/main/java/edu/cmu/sphinx/util/props/ConfCategory.java	100644	282fa26e2ce6af9d46094f8263c2fcbe1cf60e7cdfa8d2699fc0d8ce29b6cdc2
	lib/sphinx4-5prealpha-src/sphinx4-core/src/main/java/edu/cmu/sphinx/util/props/ConfigHandler.java	100644	e7b288a039ee74b24df71464b1254677e4907e17e34655c7295cadfd90b5dff6
	lib/sphinx4-5prealpha-src/sphinx4-core/src/main/java/edu/cmu/sphinx/util/props/Configurable.java	100644	f41cf7c55e0bb6d8c74a8f0ff821f1d736726875bc1cd155f40977937a88080d
	lib/sphinx4-5prealpha-src/sphinx4-core/src/main/java/edu/cmu/sphinx/util/props/ConfigurableAdapter.java	100644	759c2b068737f0bd62a621045706d84dd4f918aebac6320ea6f653f7f7288806
	lib/sphinx4-5prealpha-src/sphinx4-core/src/main/java/edu/cmu/sphinx/util/props/ConfigurationChangeListener.java	100644	e6e775887eff667002c45c52255df84f8d3f90dca2028edcf46cc1b5384faa10
	lib/sphinx4-5prealpha-src/sphinx4-core/src/main/java/edu/cmu/sphinx/util/props/ConfigurationManager.java	100644	61158e1b2ece61ace90a769a8abc6ee70246a7c3c36b06cf0323cbbb1b880fb8
	lib/sphinx4-5prealpha-src/sphinx4-core/src/main/java/edu/cmu/sphinx/util/props/ConfigurationManagerUtils.java	100644	a01a69b5374e793c7da40552b5ce5999f4863463ec811fc6662f5f6843952789
	lib/sphinx4-5prealpha-src/sphinx4-core/src/main/java/edu/cmu/sphinx/util/props/InternalConfigurationException.java	100644	9c0641a7c4e8e5d0e43acf4f9a8f2081fdea0a511e4cfbee57568248b586bacc
	lib/sphinx4-5prealpha-src/sphinx4-core/src/main/java/edu/cmu/sphinx/util/props/PropertyException.java	100644	618e9b901d70deaa07cd5ed95f640a9fa4032e77435fd03a71546c7365ed17ed
	lib/sphinx4-5prealpha-src/sphinx4-core/src/main/java/edu/cmu/sphinx/util/props/PropertySheet.java	100644	3f6ce6261f34bbc2c4b63699ae013220f88330062345fd9de70a803940919a9f
	lib/sphinx4-5prealpha-src/sphinx4-core/src/main/java/edu/cmu/sphinx/util/props/PropertyType.java	100644	2ee9a7f4cf5af43b9e447e8d77a948ed4a1e6d987920bd1446600f13696fe048
	lib/sphinx4-5prealpha-src/sphinx4-core/src/main/java/edu/cmu/sphinx/util/props/RawPropertyData.java	100644	8dd0d9564d8504a4f5a31339bdc8e884ecd3ba36c46e4e5efb56940f032bd52b
	lib/sphinx4-5prealpha-src/sphinx4-core/src/main/java/edu/cmu/sphinx/util/props/S4Boolean.java	100644	7d8e30c3e7b02e51229d463eb0a28395312b03ed9d86794c69d300b41e05ca10
	lib/sphinx4-5prealpha-src/sphinx4-core/src/main/java/edu/cmu/sphinx/util/props/S4Component.java	100644	86f914b0a0a1900608e9f588b8cfd5d6c6e3a5be4110a6906dc437da937ac357
	lib/sphinx4-5prealpha-src/sphinx4-core/src/main/java/edu/cmu/sphinx/util/props/S4ComponentList.java	100644	044bb211b5083439c6afba626dbd8a25acd743079c0392ac0c476587f8fea7fd
	lib/sphinx4-5prealpha-src/sphinx4-core/src/main/java/edu/cmu/sphinx/util/props/S4Double.java	100644	53e3c4efdf66789b4d343ae60277951167499b2d0a474926db268fc134572cee
	lib/sphinx4-5prealpha-src/sphinx4-core/src/main/java/edu/cmu/sphinx/util/props/S4Integer.java	100644	7866a595fd580d43ab01da8bff1799a4e694f930f44a61abdc881ab48085d1a2
	lib/sphinx4-5prealpha-src/sphinx4-core/src/main/java/edu/cmu/sphinx/util/props/S4PropWrapper.java	100644	2636738e16e6cde9ad3ed4472cee6dad01619dda9d0d2eeef40adf09e52e2627
	lib/sphinx4-5prealpha-src/sphinx4-core/src/main/java/edu/cmu/sphinx/util/props/S4Property.java	100644	fbfbe257451e4fb03db328d098f63cba4ad6addea9b9897e2f973400430c9018
	lib/sphinx4-5prealpha-src/sphinx4-core/src/main/java/edu/cmu/sphinx/util/props/S4String.java	100644	75a61d0eef124d40a24285486dc2ca52cd1cdc553951e3d4301550f3d5428649
	lib/sphinx4-5prealpha-src/sphinx4-core/src/main/java/edu/cmu/sphinx/util/props/S4StringList.java	100644	c74f1376fb015272eb047930979bd6f79f4287a379167344de02dfa400994869
	lib/sphinx4-5prealpha-src/sphinx4-core/src/main/java/edu/cmu/sphinx/util/props/SaxLoader.java	100644	9296f13feb02f7dbc1c475081cbb6306e5458393de01b01f1ca0c73469a94ace
	lib/sphinx4-5prealpha-src/sphinx4-core/src/main/java/edu/cmu/sphinx/util/props/tools/GDLDumper.java	100644	d1a64984ada4f205e12bba51d13f8db4c43eefbb792ffe20d95e2c060b4d4386
	lib/sphinx4-5prealpha-src/sphinx4-core/src/main/java/edu/cmu/sphinx/util/props/tools/HTMLDumper.java	100644	409f3e27ee157a79f68f39b4ca61f5272f752dee6efc94b8f7f9b54a3405d9de
	lib/sphinx4-5prealpha-src/sphinx4-core/src/main/javadoc/edu/cmu/sphinx/decoder/package.html	100644	f16eea6f684a5a0e4d0151cf004fd37e88026639f101453d17e02e6a69c2a7cd
	lib/sphinx4-5prealpha-src/sphinx4-core/src/main/javadoc/edu/cmu/sphinx/decoder/pruner/package.html	100644	4f497bfc7d58d1b0e94bb6149ff0c6652b9788b5d6aceb12e244935ef4cec50d
	lib/sphinx4-5prealpha-src/sphinx4-core/src/main/javadoc/edu/cmu/sphinx/decoder/scorer/package.html	100644	f2554619317148ea9455f8c080925d5ee77cca28a54dfd3f61abaa4888c3cc50
	lib/sphinx4-5prealpha-src/sphinx4-core/src/main/javadoc/edu/cmu/sphinx/decoder/search/package.html	100644	5dcb0d071ad8a6c5666c4c201481c5eda401ef0323878bc1deaf85844e2a4683
	lib/sphinx4-5prealpha-src/sphinx4-core/src/main/javadoc/edu/cmu/sphinx/frontend/databranch/package.html	100644	8af9106a6d3d632452d3606334fd504e517f08e0edc7de712393f4baa9490d71
	lib/sphinx4-5prealpha-src/sphinx4-core/src/main/javadoc/edu/cmu/sphinx/frontend/doc-files/FrontEndConfiguration.html	100644	84009c98700970d4af791c8e5ef1f2954c5f4710e174607c74fe011ec137248d
	lib/sphinx4-5prealpha-src/sphinx4-core/src/main/javadoc/edu/cmu/sphinx/frontend/doc-files/FrontEndFAQ.html	100644	7db83e863c080d309871ee2302ea05c2eab1159ca13b4c1b3b8f04144d7089d5
	lib/sphinx4-5prealpha-src/sphinx4-core/src/main/javadoc/edu/cmu/sphinx/frontend/doc-files/frontend.jpg	100644	7fd7ff9131d3951c5806552d5a1594d1030ea83b8eb0fb0f23ce43f58b8ffb99
	lib/sphinx4-5prealpha-src/sphinx4-core/src/main/javadoc/edu/cmu/sphinx/frontend/endpoint/doc-files/NonSpeechDataFilter.gif	100644	5476219d867efaadc9fc60ea2e0a6819c5832786df5818388586100c586c1d6c
	lib/sphinx4-5prealpha-src/sphinx4-core/src/main/javadoc/edu/cmu/sphinx/frontend/endpoint/doc-files/NonSpeechDataFilter.sxd	100644	edd5ae51a3884ef94d26a7340ff71105925b76c090fb2bcc64467bbf0c5f4660
	lib/sphinx4-5prealpha-src/sphinx4-core/src/main/javadoc/edu/cmu/sphinx/frontend/endpoint/doc-files/one-region-filtered.gif	100644	403e690a371cd60702a1e42074388a671eae82ff603f600435901265f08b0964
	lib/sphinx4-5prealpha-src/sphinx4-core/src/main/javadoc/edu/cmu/sphinx/frontend/endpoint/doc-files/one-region.gif	100644	25f3ea28db6a971c8d9c02918a72d407b841d9e9a05e4105e5d11578a26b4b02
	lib/sphinx4-5prealpha-src/sphinx4-core/src/main/javadoc/edu/cmu/sphinx/frontend/endpoint/doc-files/two-regions-merge.gif	100644	650062e1d1a90b31e57523d2e3b7db6dd2531e57e5a114520bf623b99595304f
	lib/sphinx4-5prealpha-src/sphinx4-core/src/main/javadoc/edu/cmu/sphinx/frontend/endpoint/doc-files/two-regions-nonmerge.gif	100644	4bd8f575127d27b3a8cf729feca1142cb9c8453fb2d2352ba33dbd6e8f688681
	lib/sphinx4-5prealpha-src/sphinx4-core/src/main/javadoc/edu/cmu/sphinx/frontend/endpoint/doc-files/two-regions.gif	100644	a50c581585882327fe5327256b5d442103aef9c9313436960937c3bf1c14ab1f
	lib/sphinx4-5prealpha-src/sphinx4-core/src/main/javadoc/edu/cmu/sphinx/frontend/endpoint/package.html	100644	be789538d0eafef272fd632b9ae22650d45f49c56473f4b0f67dfabbfecd1ddb
	lib/sphinx4-5prealpha-src/sphinx4-core/src/main/javadoc/edu/cmu/sphinx/frontend/feature/doc-files/deltas.jpg	100644	698dc6a2d16747477457f9d1b02c17a9dc501859914047089c54e0cb688e827b
	lib/sphinx4-5prealpha-src/sphinx4-core/src/main/javadoc/edu/cmu/sphinx/frontend/feature/doc-files/deltas.sxd	100644	cf0ef79fa59fdae396c3959dc7456cd4892d53db8e7e3b04595427d6c02d7c61
	lib/sphinx4-5prealpha-src/sphinx4-core/src/main/javadoc/edu/cmu/sphinx/frontend/feature/doc-files/feature.jpg	100644	2bc75aec59ed4ca482edee6d22d115e2589511dd2b392404cdf54532222a7ae0
	lib/sphinx4-5prealpha-src/sphinx4-core/src/main/javadoc/edu/cmu/sphinx/frontend/feature/doc-files/feature.sxd	100644	da541c6894614e5abe36ab54aa2067cee45d61648ba6f8bf3d0d23a704c77cde
	lib/sphinx4-5prealpha-src/sphinx4-core/src/main/javadoc/edu/cmu/sphinx/frontend/feature/package.html	100644	f5842b3c698101f6debdca6a7ac8b988c1cea18e4e47d657c7591ce26e99529d
	lib/sphinx4-5prealpha-src/sphinx4-core/src/main/javadoc/edu/cmu/sphinx/frontend/filter/package.html	100644	02d65c358fa8f7fe81073b6094e9ab4d2d1485f2bd7634783b72b251da4b44a9
	lib/sphinx4-5prealpha-src/sphinx4-core/src/main/javadoc/edu/cmu/sphinx/frontend/frequencywarp/doc-files/melfilter.jpg	100644	33371a6d1601a1b123f933681c8ff2660800667499108fb53efc7fb5fb9b0792
	lib/sphinx4-5prealpha-src/sphinx4-core/src/main/javadoc/edu/cmu/sphinx/frontend/frequencywarp/doc-files/melfilter.sxd	100644	6befa975497af5c92e8d5c421c530a3f18ff20f0fd3ec51737bd10867ca2caf1
	lib/sphinx4-5prealpha-src/sphinx4-core/src/main/javadoc/edu/cmu/sphinx/frontend/frequencywarp/doc-files/melfilterbank.jpg	100644	f197b33e2a7029e707b524a260ea859b867e066c8afdfaee47c72fabbe092871
	lib/sphinx4-5prealpha-src/sphinx4-core/src/main/javadoc/edu/cmu/sphinx/frontend/frequencywarp/doc-files/melfilterbank.sxd	100644	6ab519937508be22c45a661cece63c46f2da2c937839a3135f711b8ec4a42231
	lib/sphinx4-5prealpha-src/sphinx4-core/src/main/javadoc/edu/cmu/sphinx/frontend/frequencywarp/package.html	100644	6ab733992cde675f09c0ab0696411d3b4d123aba59e8bfcba31f9dc0b8c04b7d
	lib/sphinx4-5prealpha-src/sphinx4-core/src/main/javadoc/edu/cmu/sphinx/frontend/package.html	100644	39828a776c107584cf905c4ea7c7d08a9014c87e69d07bbce9e426b88116e8c6
	lib/sphinx4-5prealpha-src/sphinx4-core/src/main/javadoc/edu/cmu/sphinx/frontend/transform/doc-files/139o.jpg	100644	afcce9e1fc14b859577330a1ce2951955080ad1cbc12ba173b9bda987a86603b
	lib/sphinx4-5prealpha-src/sphinx4-core/src/main/javadoc/edu/cmu/sphinx/frontend/transform/doc-files/139ospectrum.jpg	100644	4ef0664f9d31ae335e9a9193c440d34679734b711d3e37db46cf7b0a370ee9bb
	lib/sphinx4-5prealpha-src/sphinx4-core/src/main/javadoc/edu/cmu/sphinx/frontend/transform/package.html	100644	806f383b3de3eb5517095f15e06a560d1e5f7e72114a60dd8de05bd0b1a149d3
	lib/sphinx4-5prealpha-src/sphinx4-core/src/main/javadoc/edu/cmu/sphinx/frontend/util/package.html	100644	dd3bed6f0001b7c7035c899d333eeb220ddb0d3df3990b66f734396216e66540
	lib/sphinx4-5prealpha-src/sphinx4-core/src/main/javadoc/edu/cmu/sphinx/frontend/window/doc-files/framing.jpg	100644	484fb5341f26e8d9200d82569d3ef4764d8d5b7b09f510e778dbdc4d5b3ffe2c
	lib/sphinx4-5prealpha-src/sphinx4-core/src/main/javadoc/edu/cmu/sphinx/frontend/window/doc-files/framing.sxd	100644	c0b5d55ec1ced0db8aab31e2f9501bf9a67d8ba663233ee3b1aa2b541b7ec0e1
	lib/sphinx4-5prealpha-src/sphinx4-core/src/main/javadoc/edu/cmu/sphinx/frontend/window/doc-files/hamming-window.gif	100644	a964c0f5ed13df51d8f430b3abc73ef776ae8b088a96963f7c3a71b1de37116c
	lib/sphinx4-5prealpha-src/sphinx4-core/src/main/javadoc/edu/cmu/sphinx/frontend/window/package.html	100644	eab867183e25c94c134e98003f09dfffb2d4220454f49db5e6097a5cb5e42ce2
	lib/sphinx4-5prealpha-src/sphinx4-core/src/main/javadoc/edu/cmu/sphinx/fst/openfst/package.html	100644	f610103f2bdab105f84919b335143302130098e82c5ecdd95908da06064c1d15
	lib/sphinx4-5prealpha-src/sphinx4-core/src/main/javadoc/edu/cmu/sphinx/fst/operations/package.html	100644	f52284af83a575967ff24b36258117d4a35b6fb516a4d8bcfa74e28424816f1a
	lib/sphinx4-5prealpha-src/sphinx4-core/src/main/javadoc/edu/cmu/sphinx/fst/package.html	100644	7cfe02e4b074904cf4d32eb9bdd09eb7424f1e95f67f8bb20a6d2e396f94ee6f
	lib/sphinx4-5prealpha-src/sphinx4-core/src/main/javadoc/edu/cmu/sphinx/fst/semiring/package.html	100644	cf98088d059cbe81385c96aa50e4133d5e040d9d6a1e633ed2a276e1def556f5
	lib/sphinx4-5prealpha-src/sphinx4-core/src/main/javadoc/edu/cmu/sphinx/fst/utils/package.html	100644	380c86f53c0ea5d12917730caa8a017a166733f28ed5fae456f587fc3f6b5f14
	lib/sphinx4-5prealpha-src/sphinx4-core/src/main/javadoc/edu/cmu/sphinx/instrumentation/doc-files/Instrumentation.html	100644	d600802aa06405caac7ec44798144da45eafdfc513c37182520f0c5dfdf98e41
	lib/sphinx4-5prealpha-src/sphinx4-core/src/main/javadoc/edu/cmu/sphinx/instrumentation/doc-files/gdl_config.jpg	100644	ad0e723d4dcef8fa5cf438b6a35750a8e2ea5fa040bbf2d2cc575b074d98dbf7
	lib/sphinx4-5prealpha-src/sphinx4-core/src/main/javadoc/edu/cmu/sphinx/instrumentation/doc-files/lingustDump.jpg	100644	8ef07f9a1e02c532f0d947d8ae1a406149694bebd8f67ec173447c488228dcee
	lib/sphinx4-5prealpha-src/sphinx4-core/src/main/javadoc/edu/cmu/sphinx/instrumentation/doc-files/silent.config.xml	100644	79a260b8a4fa5ca4b524e29ae1cbda4f95da35610f88d02986976b65d9b57718
	lib/sphinx4-5prealpha-src/sphinx4-core/src/main/javadoc/edu/cmu/sphinx/instrumentation/package.html	100644	00fb951360f52a046ea51690072718e0e93c44200f90dee834f8053eabc3c0bf
	lib/sphinx4-5prealpha-src/sphinx4-core/src/main/javadoc/edu/cmu/sphinx/jsgf/doc-files/commandGrammar.jpg	100644	4903bf23745c10a6ec33d00c5335f17921316e9e626aa2b0a9b47b88d8b1e109
	lib/sphinx4-5prealpha-src/sphinx4-core/src/main/javadoc/edu/cmu/sphinx/jsgf/doc-files/helloWorld.jpg	100644	b4b3826e4f7857855d031c786cfaf5cf265d27fa6cdcfde54cf27bf125cb4407
	lib/sphinx4-5prealpha-src/sphinx4-core/src/main/javadoc/edu/cmu/sphinx/linguist/acoustic/package.html	100644	495c0948dcba8b615bfb2867ed959752afd3e4fb0ddd2857381570d62dc9d0ef
	lib/sphinx4-5prealpha-src/sphinx4-core/src/main/javadoc/edu/cmu/sphinx/linguist/acoustic/tiedstate/package.html	100644	d7c15ac0a331a852dac158bc58f90ebab433d64c33b76be907dd8f216d199fd2
	lib/sphinx4-5prealpha-src/sphinx4-core/src/main/javadoc/edu/cmu/sphinx/linguist/acoustic/tiedstate/trainer/package.html	100644	68dd3ab23ded6f97727b6d2af2b2116c5c7863fc44534a95362ca92815751f4b
	lib/sphinx4-5prealpha-src/sphinx4-core/src/main/javadoc/edu/cmu/sphinx/linguist/acoustic/trivial/package.html	100644	fb4a6906930cca40ea9161482c98fe4e6fdc991d9051db2e3bd4b9f87f00793a
	lib/sphinx4-5prealpha-src/sphinx4-core/src/main/javadoc/edu/cmu/sphinx/linguist/dictionary/package.html	100644	88c8a05f0c2825c70a8d4a49f1fc04023790ab465a3535eda0d262329c94c2da
	lib/sphinx4-5prealpha-src/sphinx4-core/src/main/javadoc/edu/cmu/sphinx/linguist/flat/package.html	100644	d394071823e02b61a87d7dab4e76501e05a0307240709f97cf3d55c6d99a9e0e
	lib/sphinx4-5prealpha-src/sphinx4-core/src/main/javadoc/edu/cmu/sphinx/linguist/g2p/package.html	100644	35dcf269f1beacc7bb625f391f89c3013b9077c2f57eb2cc426123cdacd97cc9
	lib/sphinx4-5prealpha-src/sphinx4-core/src/main/javadoc/edu/cmu/sphinx/linguist/language/grammar/doc-files/fst-end-node.jpg	100644	3b62cf43382dc9cec1bd9957b5133c75daa0cc51e7a97ec4deb9ff60df8d892a
	lib/sphinx4-5prealpha-src/sphinx4-core/src/main/javadoc/edu/cmu/sphinx/linguist/language/grammar/package.html	100644	444a9eb6d25ec6fafe726ed72b71a457187e978a2c3959d719db541c834c1dce
	lib/sphinx4-5prealpha-src/sphinx4-core/src/main/javadoc/edu/cmu/sphinx/linguist/language/ngram/large/package.html	100644	1aedea31c08b68a31201aff86bb7353900c6486f6b3fe41ff927c4a6ae565b55
	lib/sphinx4-5prealpha-src/sphinx4-core/src/main/javadoc/edu/cmu/sphinx/linguist/language/ngram/package.html	100644	4593b959d913b35927156cd82bc64f252c3829686c7fc14d67416a80e6abaa58
	lib/sphinx4-5prealpha-src/sphinx4-core/src/main/javadoc/edu/cmu/sphinx/linguist/language/package.html	100644	9b194b9d5602d1d481addacf1b22b70b1de7d9eeeea1a124b65d878ed4193230
	lib/sphinx4-5prealpha-src/sphinx4-core/src/main/javadoc/edu/cmu/sphinx/linguist/lextree/package.html	100644	8d04cc78ed0cbe4e7a2d49ff9af49e7752a065209f14df4a97a4b63d39703e9e
	lib/sphinx4-5prealpha-src/sphinx4-core/src/main/javadoc/edu/cmu/sphinx/linguist/package.html	100644	d4d32f0d5fd4d8c44f0adceaf9bf0f3f20d7b8051da3717bcc58a9aa512765dc
	lib/sphinx4-5prealpha-src/sphinx4-core/src/main/javadoc/edu/cmu/sphinx/linguist/util/package.html	100644	c7561c7e2094e05bbab64cddd0763beebe50837e56f98b81cf908532554b03ab
	lib/sphinx4-5prealpha-src/sphinx4-core/src/main/javadoc/edu/cmu/sphinx/recognizer/package.html	100644	ef017b977d5eb60e6ff64542afc9b427c50acbacc763190de983c4cad9f46e43
	lib/sphinx4-5prealpha-src/sphinx4-core/src/main/javadoc/edu/cmu/sphinx/result/package.html	100644	5cde98ff12fac5ae91349a831357d13af5ed1f98a1260325c26b853b47401284
	lib/sphinx4-5prealpha-src/sphinx4-core/src/main/javadoc/edu/cmu/sphinx/tools/audio/doc-files/HowToRunAudioTool.html	100644	13eb65d2582bd055c119257c28d2931e937d7e796aa9dbbe5628acf5ebd44eb7
	lib/sphinx4-5prealpha-src/sphinx4-core/src/main/javadoc/edu/cmu/sphinx/tools/audio/doc-files/audiotool.gif	100644	08deb9eec06ebcf7f2c76e81f45c90ab3559bf8a77e868c2f3a6feeb64558156
	lib/sphinx4-5prealpha-src/sphinx4-core/src/main/javadoc/edu/cmu/sphinx/tools/audio/package.html	100644	86e2c5e5e3e3725b31a674873a253b0bf0f0152031ffc64bf20f9d39291bb5ee
	lib/sphinx4-5prealpha-src/sphinx4-core/src/main/javadoc/edu/cmu/sphinx/tools/batch/package.html	100644	cec5afa5bfa22aef83ae558a160476397db86cfefa63a48b2e351ef811553c23
	lib/sphinx4-5prealpha-src/sphinx4-core/src/main/javadoc/edu/cmu/sphinx/tools/feature/package.html	100644	8e78f5ffc995be64ed6d76ce29e0977dfaca4b4cd8f4e1f722d503fc69338c18
	lib/sphinx4-5prealpha-src/sphinx4-core/src/main/javadoc/edu/cmu/sphinx/tools/live/package.html	100644	604ca897a445ccf4baaa091e381a22f27ae5777e27ba2747a612e5dabe8518d0
	lib/sphinx4-5prealpha-src/sphinx4-core/src/main/javadoc/edu/cmu/sphinx/trainer/package.html	100644	2cc986a28bd19558c716f9fcc2ad8ac8fc12365e51d01d228c5e04ec9cbb7dfc
	lib/sphinx4-5prealpha-src/sphinx4-core/src/main/javadoc/edu/cmu/sphinx/util/machlearn/package.html	100644	86b55103f5e13e67a4ae8410ca51665e35969d371b36cac3150b288d8fa93a75
	lib/sphinx4-5prealpha-src/sphinx4-core/src/main/javadoc/edu/cmu/sphinx/util/package.html	100644	257fa3610901c9ac1aeac20311d232f41f7285df17ce534b670548894a28b056
	lib/sphinx4-5prealpha-src/sphinx4-core/src/main/javadoc/edu/cmu/sphinx/util/props/doc-files/ConfigurationManagement.html	100644	4a45fa602da986eb1763e0dcbcfecf6891d8bf2bb0d9de173c53f1ecb0c0af86
	lib/sphinx4-5prealpha-src/sphinx4-core/src/main/javadoc/edu/cmu/sphinx/util/props/package.html	100644	4a45818351255227bc53c682dc51e9754c6c25a44cc6b31aeb695271905cbd6b
	lib/sphinx4-5prealpha-src/sphinx4-core/src/main/javadoc/index.html	100644	61c8400787b60d38eae4b29b5f350c140c3f6c8ffd208d37d43dac6182ae4b46
	lib/sphinx4-5prealpha-src/sphinx4-core/src/main/javadoc/overview.html	100644	7909610e7083d4b796ace705b4a287b06e4d032c0c0750c2bb665d978ab9d2c2
	lib/sphinx4-5prealpha-src/sphinx4-core/src/main/resources/edu/cmu/sphinx/alignment/nums_cart.txt	100644	27b3408aa6362a4cb7365d89dafc58d9062efa12c9ef42b2ecccdcb67b3531db
	lib/sphinx4-5prealpha-src/sphinx4-core/src/main/resources/edu/cmu/sphinx/alignment/prefix_fsm.txt	100644	91ff32a0924f4aa7e30fb55589d30271912ff453d940054ebed7e34fdf925e46
	lib/sphinx4-5prealpha-src/sphinx4-core/src/main/resources/edu/cmu/sphinx/alignment/suffix_fsm.txt	100644	f4def5caa3394328ba82cad74c5ca1bb6c1e7b792b324423e1766a3783354906
	lib/sphinx4-5prealpha-src/sphinx4-core/src/main/resources/edu/cmu/sphinx/api/default.config.xml	100644	c0b7c6b4638b590a526b616037aafc316837e34964001b4e31109ed8e795685e
	lib/sphinx4-5prealpha-src/sphinx4-core/src/main/resources/edu/cmu/sphinx/jsgf/parser/jsgf.jj	100644	6a2b200e1daf1e46eef7507181be4dda260f550c956696100b2eece4cf0ad895
	lib/sphinx4-5prealpha-src/sphinx4-core/src/main/resources/edu/cmu/sphinx/linguist/language/ngram/alphabet.arpaformat	100644	0d8cf76e19f86934abac1380781d7fe74540dd0462119b64ecceceb3b7b349c0
	lib/sphinx4-5prealpha-src/sphinx4-core/src/main/resources/edu/cmu/sphinx/speakerid/frontend.config.xml	100644	7013a356fc1f61771349135676ec9dbdaef51c67b92d1577d2a66d8fd97c93a2
	lib/sphinx4-5prealpha-src/sphinx4-core/src/main/resources/edu/cmu/sphinx/tools/audio/spectrogram.config.xml	100644	ae78b2f6fdf56c7628e900910056b435525a2175ca7af0d8553fa5324c200ac1
	lib/sphinx4-5prealpha-src/sphinx4-core/src/main/resources/edu/cmu/sphinx/tools/endpoint/frontend.config.xml	100644	635b1a04ca0b11c08ec2fa391e1eda2b63379b9f8d228a39ed421766247d9c88
	lib/sphinx4-5prealpha-src/sphinx4-core/src/main/resources/edu/cmu/sphinx/tools/feature/frontend.config.xml	100644	447605f0e898f0e50f17fac0f5e72ffcee5123e1d2929f9d351ff20fc6fa5ea0
	lib/sphinx4-5prealpha-src/sphinx4-core/src/test/java/edu/cmu/sphinx/alignment/SpeechAlignerTest.java	100644	c2021d55533145ff3f5a9f103d869c227d995dc1bcfa2861c0ac41201ad75c3c
	lib/sphinx4-5prealpha-src/sphinx4-core/src/test/java/edu/cmu/sphinx/alignment/TextAlignerLargeTest.java	100644	3d67026c418358838b225c01aaa2f4dd16ee6fbdcf4a32b949e1b94b5211fa26
	lib/sphinx4-5prealpha-src/sphinx4-core/src/test/java/edu/cmu/sphinx/alignment/TextAlignerSmallTest.java	100644	e039acee38095664ecddb3c6b681d25442c713b45e102632be11106e457207e6
	lib/sphinx4-5prealpha-src/sphinx4-core/src/test/java/edu/cmu/sphinx/alignment/UsEnglishWordExpanderTest.java	100644	2d193e819737d931681e59020af37eeca232184e5cf49d4ef35ff1ca4fe89cf3
	lib/sphinx4-5prealpha-src/sphinx4-core/src/test/java/edu/cmu/sphinx/api/LiveRecognizerTest.java	100644	1aed62a12a30d88b97b3093f42133c710ce6edf649823abe8fe6f73010d0de5e
	lib/sphinx4-5prealpha-src/sphinx4-core/src/test/java/edu/cmu/sphinx/decoder/scorer/ScorerTests.java	100644	8c64f0485c34bc73095d113406f0e98a52ea5f5b93aaa57b2f03e6100311222e
	lib/sphinx4-5prealpha-src/sphinx4-core/src/test/java/edu/cmu/sphinx/decoder/search/test/PartitionerTest.java	100644	86861722faa4dfc667554018d184394ac2f78d3ac5a62b483c7609819f0e526a
	lib/sphinx4-5prealpha-src/sphinx4-core/src/test/java/edu/cmu/sphinx/frontend/AudioDataSourcesTest.java	100644	1b0f00b8d1b191c7bf6b35c7d23957b02b455a22c78ef9aece83c9ad835348b4
	lib/sphinx4-5prealpha-src/sphinx4-core/src/test/java/edu/cmu/sphinx/frontend/DataBlockerTest.java	100644	0c40df8e5aa0039528bc2e17dd47922ded94220dcffce7d0f6083cb9508925fc
	lib/sphinx4-5prealpha-src/sphinx4-core/src/test/java/edu/cmu/sphinx/frontend/FrontendElementTest.java	100644	5db6ec22d7527e121a1bc7e521b6ce302a9df4ea2b04e01347962216c96039f6
	lib/sphinx4-5prealpha-src/sphinx4-core/src/test/java/edu/cmu/sphinx/frontend/RandomDataProcessor.java	100644	89c0322a7d85cac5f937d833954591aad1dedb0c690c5e0ff4e22e620ec25665
	lib/sphinx4-5prealpha-src/sphinx4-core/src/test/java/edu/cmu/sphinx/frontend/RandomSampleRepeater.java	100644	1a3400b6556ff3eff3c8693f387af19dad099dcb02e23d05164a34618a79c039
	lib/sphinx4-5prealpha-src/sphinx4-core/src/test/java/edu/cmu/sphinx/frontend/SpeechMarkerTest.java	100644	de84f1bbd1523bc37636d50c2d0081f3d59799fd246567216b2a7f16e8ef0038
	lib/sphinx4-5prealpha-src/sphinx4-core/src/test/java/edu/cmu/sphinx/fst/ArcSortTest.java	100644	e966bec480bdc36a3eb2bca9e7ec08e8a6eb64bf3a4573067e2029c8afb248e6
	lib/sphinx4-5prealpha-src/sphinx4-core/src/test/java/edu/cmu/sphinx/fst/ComposeEpsilonTest.java	100644	611afd5e7da90017949b55425bac24e4f4ae655e4002c21969ee05e17ad90ebb
	lib/sphinx4-5prealpha-src/sphinx4-core/src/test/java/edu/cmu/sphinx/fst/ComposeTest.java	100644	6c6942d7594210e25d221e7e409659b55dab71d043935007a27e15a96248c7fd
	lib/sphinx4-5prealpha-src/sphinx4-core/src/test/java/edu/cmu/sphinx/fst/ConnectTest.java	100644	6f72fe1fb156687eba625719d78c385f64b4431dcf6f3d56ac859da64ec8e7d2
	lib/sphinx4-5prealpha-src/sphinx4-core/src/test/java/edu/cmu/sphinx/fst/DeterminizeTest.java	100644	21c98a79ef8720bcdaa07f12721f2708fd02375c3e5d4aeb0e5c1a609fd6358e
	lib/sphinx4-5prealpha-src/sphinx4-core/src/test/java/edu/cmu/sphinx/fst/ImportTest.java	100644	fe8b6a217ec69d055d087d4840a83524f014f93a78f4e00a4005324a3acf6ebb
	lib/sphinx4-5prealpha-src/sphinx4-core/src/test/java/edu/cmu/sphinx/fst/NShortestPathsTest.java	100644	70f5ab9cb336efb3b0628f65f00cb7cb05fadc2997283bf95e723cf903102e88
	lib/sphinx4-5prealpha-src/sphinx4-core/src/test/java/edu/cmu/sphinx/fst/ProjectTest.java	100644	e77229a9b95f86bc22c6f1f969af3789467aa6e25aeeb80d423d9566d9cfc754
	lib/sphinx4-5prealpha-src/sphinx4-core/src/test/java/edu/cmu/sphinx/fst/ReverseTest.java	100644	ddeb7d13c32326ec34b6a761bab96d9fb46cb76ab1939a71f0d3d9d09e487b5c
	lib/sphinx4-5prealpha-src/sphinx4-core/src/test/java/edu/cmu/sphinx/fst/RmEpsilonTest.java	100644	fb0bbd70b7f7c5c9bfe7c861975ae5c3b2aa60f818b128461afe2d68827f248e
	lib/sphinx4-5prealpha-src/sphinx4-core/src/test/java/edu/cmu/sphinx/linguist/WordSequenceTest.java	100644	088f3b93d8e353d7d07b264402a0d8a793c638f6d729da03552aba85174fd6db
	lib/sphinx4-5prealpha-src/sphinx4-core/src/test/java/edu/cmu/sphinx/linguist/acoustic/tiedstate/test/MixtureComponentTest.java	100644	923ad64a77d21fa5b5d893d4470ec917e6c5110d60edaac6671e2632b6a8f926
	lib/sphinx4-5prealpha-src/sphinx4-core/src/test/java/edu/cmu/sphinx/linguist/dictionary/DictionaryTest.java	100644	1ea29367ea904e053597fb9633c83badab4a253ae5695a6ca437e77e4efde758
	lib/sphinx4-5prealpha-src/sphinx4-core/src/test/java/edu/cmu/sphinx/linguist/language/grammar/BatchForcedAlignerGrammarTest.java	100644	84e7536ccbe758471a48d5aa7bc95c2281fa4aeb4322596b97ce0d9d986aea97
	lib/sphinx4-5prealpha-src/sphinx4-core/src/test/java/edu/cmu/sphinx/linguist/language/grammar/FSTGrammarTest.java	100644	ffc7d3a08b4fe967a1ce0cde4fd7263435f60e3a79137c3fb874c0b5f67e81b2
	lib/sphinx4-5prealpha-src/sphinx4-core/src/test/java/edu/cmu/sphinx/linguist/language/ngram/DynamicTrigramModelTest.java	100644	57e53b7f4ba61b3c5c7b68e730098d3bbf015cec20792f55b3ffe2a7f50d5783
	lib/sphinx4-5prealpha-src/sphinx4-core/src/test/java/edu/cmu/sphinx/linguist/language/ngram/large/LargeNgramTest.java	100644	ad7ea6ed8366d429c3a4483937676bd289d53e2677c4a9852b9b42eceeb3a404
	lib/sphinx4-5prealpha-src/sphinx4-core/src/test/java/edu/cmu/sphinx/linguist/language/ngram/trie/NgramTrieTest.java	100644	bdfd0648a95bd9d478d01d6f3aaffa4b9ffc148d7eea4db908111bede93e299a
	lib/sphinx4-5prealpha-src/sphinx4-core/src/test/java/edu/cmu/sphinx/result/LatticeCompTest.java	100644	22eb052d11151276b98bdad0a9b61985e308c804923ce66b5c64ae0f097b7ce8
	lib/sphinx4-5prealpha-src/sphinx4-core/src/test/java/edu/cmu/sphinx/result/LatticeIOTest.java	100644	1755078c67e958228b9d367dfd7443a3dab5a4394f4b6c6c562a57327d0d5557
	lib/sphinx4-5prealpha-src/sphinx4-core/src/test/java/edu/cmu/sphinx/result/PosteriorTest.java	100644	35f95921a58970842a4d2f662c8a1b3f4aef4eea8b8c039d4a4a7cda7d093985
	lib/sphinx4-5prealpha-src/sphinx4-core/src/test/java/edu/cmu/sphinx/tools/bandwidth/BandDetectorTest.java	100644	87f98fe7a86b9498a9c3c9cb534b26f6b90384fb337fa2875d3e4c856f084c58
	lib/sphinx4-5prealpha-src/sphinx4-core/src/test/java/edu/cmu/sphinx/util/props/AnotherDummyFrontEnd.java	100644	4e433a07444423c1d0c3095bf00219634a6cdacd4bf05c02ba2e5ea77764f239
	lib/sphinx4-5prealpha-src/sphinx4-core/src/test/java/edu/cmu/sphinx/util/props/AnotherDummyProcessor.java	100644	e667f64bd1204ee3e54e10b06350ef4d1a5757881b2ac021b9e6fac0652c2af8
	lib/sphinx4-5prealpha-src/sphinx4-core/src/test/java/edu/cmu/sphinx/util/props/CMUTests.java	100644	063ec7f1050977c6c98df1ce5863f1440b75b2467c5fc6167b9ae5f8e35892e7
	lib/sphinx4-5prealpha-src/sphinx4-core/src/test/java/edu/cmu/sphinx/util/props/ComponentListTests.java	100644	988b2c7a41f68ea0d261ac1a7140c3abe9892da41f75e943555a0b3aed393c28
	lib/sphinx4-5prealpha-src/sphinx4-core/src/test/java/edu/cmu/sphinx/util/props/ComponentPropertyTest.java	100644	f590cf1bd121a6bb224faff4c8cbd1b0a1408b4648c8469f36a703b58ca958a5
	lib/sphinx4-5prealpha-src/sphinx4-core/src/test/java/edu/cmu/sphinx/util/props/ConfigurationManagerTest.java	100644	af465b52e6ecb4d415ff0454da15d0134156d72ac96fa4399508a606caae8bc0
	lib/sphinx4-5prealpha-src/sphinx4-core/src/test/java/edu/cmu/sphinx/util/props/DummyComp.java	100644	e7bae6c796d17862b8abd14cf6eb509d3f4e1530768089212c6c4049634bdf95
	lib/sphinx4-5prealpha-src/sphinx4-core/src/test/java/edu/cmu/sphinx/util/props/DummyFrontEnd.java	100644	41586c821e66ac597d5e3a3f01cc04f2f54e5e698046e4fe25acaab5b6d30b0c
	lib/sphinx4-5prealpha-src/sphinx4-core/src/test/java/edu/cmu/sphinx/util/props/DummyFrontEndProcessor.java	100644	eadcf78ce63143de170dea5c41e13a51c282cc0d01e8561b6f46b462e1d19b55
	lib/sphinx4-5prealpha-src/sphinx4-core/src/test/java/edu/cmu/sphinx/util/props/DummyProcessor.java	100644	9d7b71e85659acdab0cf73e64a5f0f803ba24bf86538635cc3dad8b34cd3a273
	lib/sphinx4-5prealpha-src/sphinx4-core/src/test/java/edu/cmu/sphinx/util/props/TestConfigurable.java	100644	490adf42eefdd12589c16db94194c15b74144db9391d775b6035b8934a4f98d1
	lib/sphinx4-5prealpha-src/sphinx4-core/src/test/resources/edu/cmu/sphinx/alignment/transcription-small.txt	100644	b9ed42299413deea1bce1cdcb18164a105602668848b77507da1e9b790744564
	lib/sphinx4-5prealpha-src/sphinx4-core/src/test/resources/edu/cmu/sphinx/frontend/after-cmn.dump	100644	940c85fbdc322a02cf34869ddfa89fae3cacddd57907f6d6b19650256338f31e
	lib/sphinx4-5prealpha-src/sphinx4-core/src/test/resources/edu/cmu/sphinx/frontend/after-dct.dump	100644	d3b43829ca38b191994d514db12052e82ba6fc370832cc87629807ce9532655c
	lib/sphinx4-5prealpha-src/sphinx4-core/src/test/resources/edu/cmu/sphinx/frontend/after-feature.dump	100644	a67d9c02ee280a5e7adc1bbd5230a843cb422211f55b251edc6b13e9c6c94ce5
	lib/sphinx4-5prealpha-src/sphinx4-core/src/test/resources/edu/cmu/sphinx/frontend/after-fft.dump	100644	053906a1c26efe92e180ca91c0c9691580d1e0de26deb269eec511d6f59006ff
	lib/sphinx4-5prealpha-src/sphinx4-core/src/test/resources/edu/cmu/sphinx/frontend/after-mel.dump	100644	c9d51bda816f2d65f6cb5bcf1aeb67f5cc72c7700bd7651f457c41071f46384a
	lib/sphinx4-5prealpha-src/sphinx4-core/src/test/resources/edu/cmu/sphinx/frontend/after-preemp.dump	100644	3f41f949ddfcb7446b5e66a8c57edb512ecb71ea10c7deeb84a4c8f6838da803
	lib/sphinx4-5prealpha-src/sphinx4-core/src/test/resources/edu/cmu/sphinx/frontend/after-window.dump	100644	838bc5212d66870f351f6353fea6bc6199bf817d3781056dc1a01b366c1cc1ad
	lib/sphinx4-5prealpha-src/sphinx4-core/src/test/resources/edu/cmu/sphinx/frontend/frontend.xml	100644	2a791b539f94780d34dcd202958ee858ace263c9656f7d582bcc1ae229cf4c73
	lib/sphinx4-5prealpha-src/sphinx4-core/src/test/resources/edu/cmu/sphinx/frontend/test-feat.wav	100644	b68350e3c254671673ff727653a988fd803f4021588ad79f8edd944c6f543f3d
	lib/sphinx4-5prealpha-src/sphinx4-core/src/test/resources/edu/cmu/sphinx/frontend/test.aiff	100644	e320c84c1ec2670ba0644a5389b5a6e29bfb34c57d0ce3610ff223bfaa392300
	lib/sphinx4-5prealpha-src/sphinx4-core/src/test/resources/edu/cmu/sphinx/frontend/test.au	100644	b6f5fed0c839d550fedaec74ef83e9a20f280c80268a0f0de2131feb5d976311
	lib/sphinx4-5prealpha-src/sphinx4-core/src/test/resources/edu/cmu/sphinx/frontend/test.ogg	100644	d04e74db6dfc3902eabb97f695dea96112caa16f16bfbed41a2416803ffc77bb
	lib/sphinx4-5prealpha-src/sphinx4-core/src/test/resources/edu/cmu/sphinx/frontend/test.wav	100644	d437f0d6861844cca28949b02fd6904cfc2821d9d95b542a29e1f74b87d5211a
	lib/sphinx4-5prealpha-src/sphinx4-core/src/test/resources/edu/cmu/sphinx/frontend/test8k.wav	100644	11067fce20786a63d253992dbc9f0cc46de8c2559fc20e808f14a0f860ea9479
	lib/sphinx4-5prealpha-src/sphinx4-core/src/test/resources/edu/cmu/sphinx/fst/algorithms/compose/A.fst	100644	365b3bd7728c675a3117ab92bf6bebfb3f539aea3d1fe0abc6eb053eed1363bb
	lib/sphinx4-5prealpha-src/sphinx4-core/src/test/resources/edu/cmu/sphinx/fst/algorithms/compose/A.fst.txt	100644	045dbd1d9364592ef6f82ed6d6b882d4cd03ca50d3204b34a64c68fefac18ad8
	lib/sphinx4-5prealpha-src/sphinx4-core/src/test/resources/edu/cmu/sphinx/fst/algorithms/compose/A.input.syms	100644	4cb1f51857f6f389951050c8736983c589cb8b94ab3074d6bd360e7e7d956f53
	lib/sphinx4-5prealpha-src/sphinx4-core/src/test/resources/edu/cmu/sphinx/fst/algorithms/compose/A.output.syms	100644	4cb1f51857f6f389951050c8736983c589cb8b94ab3074d6bd360e7e7d956f53
	lib/sphinx4-5prealpha-src/sphinx4-core/src/test/resources/edu/cmu/sphinx/fst/algorithms/compose/B.fst	100644	bc4030931017248507f98418f0c436d3fb1854764848a31053efadc0b2a29f55
	lib/sphinx4-5prealpha-src/sphinx4-core/src/test/resources/edu/cmu/sphinx/fst/algorithms/compose/B.fst.txt	100644	e19c2330d29e908c4e13caa6fbb2355f79df34b3ae33be5906b5ecbebe1c9a46
	lib/sphinx4-5prealpha-src/sphinx4-core/src/test/resources/edu/cmu/sphinx/fst/algorithms/compose/B.input.syms	100644	4cb1f51857f6f389951050c8736983c589cb8b94ab3074d6bd360e7e7d956f53
	lib/sphinx4-5prealpha-src/sphinx4-core/src/test/resources/edu/cmu/sphinx/fst/algorithms/compose/B.output.syms	100644	4cb1f51857f6f389951050c8736983c589cb8b94ab3074d6bd360e7e7d956f53
	lib/sphinx4-5prealpha-src/sphinx4-core/src/test/resources/edu/cmu/sphinx/fst/algorithms/compose/fstcompose.fst	100644	2e36e36f13e304b305c3f2ccdb93a083faf035400210c0d2e443213064054c59
	lib/sphinx4-5prealpha-src/sphinx4-core/src/test/resources/edu/cmu/sphinx/fst/algorithms/compose/fstcompose.fst.ser	100644	acc3cdad48cb1d798a3dd831786bba451ddd1eac1ffec824bf63bb7f6b2eed03
	lib/sphinx4-5prealpha-src/sphinx4-core/src/test/resources/edu/cmu/sphinx/fst/algorithms/compose/fstcompose.fst.txt	100644	c8247c0196970549fd4cdc26ab009e782d0e7f0d21768ba1649705ec61c76c2a
	lib/sphinx4-5prealpha-src/sphinx4-core/src/test/resources/edu/cmu/sphinx/fst/algorithms/compose/fstcompose.input.syms	100644	fb6fd80d5ce6071b7dedc23c3119dc12c73f31b556003477075117a9d66c6413
	lib/sphinx4-5prealpha-src/sphinx4-core/src/test/resources/edu/cmu/sphinx/fst/algorithms/compose/fstcompose.output.syms	100644	fb6fd80d5ce6071b7dedc23c3119dc12c73f31b556003477075117a9d66c6413
	lib/sphinx4-5prealpha-src/sphinx4-core/src/test/resources/edu/cmu/sphinx/fst/algorithms/compose/fstcompose.states.syms	100644	ceb7c11e9bbb1661691d322d9c4d7e5055f8f23af618e5c97410e26a21d52c6b
	lib/sphinx4-5prealpha-src/sphinx4-core/src/test/resources/edu/cmu/sphinx/fst/algorithms/composeeps/A.fst.txt	100644	6b1ca4dd2d485c217d7199e8ece30731244e8ea1ca760119233c4a1565c64395
	lib/sphinx4-5prealpha-src/sphinx4-core/src/test/resources/edu/cmu/sphinx/fst/algorithms/composeeps/B.fst.txt	100644	2cc616f9ec3b391b366be3eae448093be12c72b8380a2b48f8028710c0c68d26
	lib/sphinx4-5prealpha-src/sphinx4-core/src/test/resources/edu/cmu/sphinx/fst/algorithms/composeeps/fstcomposeeps	100644	aefcff77b5a8c4ddfed8e401c87db46abdffc445850de7e96531944f34999cdc
	lib/sphinx4-5prealpha-src/sphinx4-core/src/test/resources/edu/cmu/sphinx/fst/algorithms/composeeps/fstcomposeeps.fst.txt	100644	b6e6c6a0aeb8d64abb52f02dd5a503166b25e4fa5d9126adadb45b4633ff67c1
	lib/sphinx4-5prealpha-src/sphinx4-core/src/test/resources/edu/cmu/sphinx/fst/algorithms/composeeps/fstcomposeeps.input.syms	100644	2b8382e1e31f2ab222928d914629c1fdf437e7f327f438fc10f0db3fd1a312ef
	lib/sphinx4-5prealpha-src/sphinx4-core/src/test/resources/edu/cmu/sphinx/fst/algorithms/composeeps/fstcomposeeps.output.syms	100644	cad5a084de2b8b4ddee1b8b30a003f82307146b97a829f847b72b350e0029987
	lib/sphinx4-5prealpha-src/sphinx4-core/src/test/resources/edu/cmu/sphinx/fst/algorithms/composeeps/fstcomposeeps.states.syms	100644	2f56b2e812fde599d16959fd85743679ef6ad6dd59675973e05ed4990626a00f
	lib/sphinx4-5prealpha-src/sphinx4-core/src/test/resources/edu/cmu/sphinx/fst/algorithms/connect/A.fst	100644	d4b8c604fd595c0e7dc6a6179ac939f130f60857385f0f5b9dd61bc1e969e6f7
	lib/sphinx4-5prealpha-src/sphinx4-core/src/test/resources/edu/cmu/sphinx/fst/algorithms/connect/A.fst.txt	100644	19dcb4b4f4e8b0f4b6d4e613e66239b4cb42d855c56494147b0c0505aaa9ec21
	lib/sphinx4-5prealpha-src/sphinx4-core/src/test/resources/edu/cmu/sphinx/fst/algorithms/connect/A.input.syms	100644	f9a2c22f2c657d132d0ba6611c4f23867d8aa8d510efb8e6ad7c3469191794e5
	lib/sphinx4-5prealpha-src/sphinx4-core/src/test/resources/edu/cmu/sphinx/fst/algorithms/connect/A.output.syms	100644	f9a2c22f2c657d132d0ba6611c4f23867d8aa8d510efb8e6ad7c3469191794e5
	lib/sphinx4-5prealpha-src/sphinx4-core/src/test/resources/edu/cmu/sphinx/fst/algorithms/connect/fstconnect.fst.ser	100644	4a772b14f0731d08c3944e3de6541a13b4fc49694499fc1e70ebc15eb1fde3df
	lib/sphinx4-5prealpha-src/sphinx4-core/src/test/resources/edu/cmu/sphinx/fst/algorithms/determinize/A.fst	100644	7bdfd24220e9a059c2a6bd59141edbdf95c17323594915bf26714634e1bf26f7
	lib/sphinx4-5prealpha-src/sphinx4-core/src/test/resources/edu/cmu/sphinx/fst/algorithms/determinize/A.fst.txt	100644	1ee070c5c9f52596bf86d11aee54be4317a60ee22654dc15e6900f23e82b044e
	lib/sphinx4-5prealpha-src/sphinx4-core/src/test/resources/edu/cmu/sphinx/fst/algorithms/determinize/A.input.syms	100644	2b8382e1e31f2ab222928d914629c1fdf437e7f327f438fc10f0db3fd1a312ef
	lib/sphinx4-5prealpha-src/sphinx4-core/src/test/resources/edu/cmu/sphinx/fst/algorithms/determinize/A.output.syms	100644	2b8382e1e31f2ab222928d914629c1fdf437e7f327f438fc10f0db3fd1a312ef
	lib/sphinx4-5prealpha-src/sphinx4-core/src/test/resources/edu/cmu/sphinx/fst/algorithms/determinize/fstdeterminize.fst.ser	100644	c86c780d9b0bf12afbdcf8b2ad3782828b044c6ebf4421e0504440daf2c2cddf
	lib/sphinx4-5prealpha-src/sphinx4-core/src/test/resources/edu/cmu/sphinx/fst/algorithms/reverse/A.fst	100644	64a0a6d429940bc8687a5b36fd9d2da2d03a52f47d915f15407000b75700ef97
	lib/sphinx4-5prealpha-src/sphinx4-core/src/test/resources/edu/cmu/sphinx/fst/algorithms/reverse/A.fst.txt	100644	781d4cade5e194c9e0e5612551be00a8ff97eae179d8a6be59fb169894ae9670
	lib/sphinx4-5prealpha-src/sphinx4-core/src/test/resources/edu/cmu/sphinx/fst/algorithms/reverse/A.input.syms	100644	a106a752c7d2252692c228263729e7f8b91df728f5215ade9d19cb04143f7e1b
	lib/sphinx4-5prealpha-src/sphinx4-core/src/test/resources/edu/cmu/sphinx/fst/algorithms/reverse/A.output.syms	100644	a106a752c7d2252692c228263729e7f8b91df728f5215ade9d19cb04143f7e1b
	lib/sphinx4-5prealpha-src/sphinx4-core/src/test/resources/edu/cmu/sphinx/fst/algorithms/reverse/A.states.syms	100644	f64081447d516d225669e1c018ee4377ad966243eff795952ae9cfb823511aa3
	lib/sphinx4-5prealpha-src/sphinx4-core/src/test/resources/edu/cmu/sphinx/fst/algorithms/reverse/fstreverse.fst	100644	f90bdee703a700ac2d500fadea03a8163c144b1e02cd14fb3a9137908ad95282
	lib/sphinx4-5prealpha-src/sphinx4-core/src/test/resources/edu/cmu/sphinx/fst/algorithms/reverse/fstreverse.fst.ser	100644	198291b948a420b2dade192bbdf4f7f0f0cbb04611e428b16946789ad9bbd2a0
	lib/sphinx4-5prealpha-src/sphinx4-core/src/test/resources/edu/cmu/sphinx/fst/algorithms/rmepsilon/A.fst.txt	100644	c2e42b0314603bacaa08080575ec85a01d8c290ef7e4b17bf7df0d4ce5e2a0c8
	lib/sphinx4-5prealpha-src/sphinx4-core/src/test/resources/edu/cmu/sphinx/fst/algorithms/rmepsilon/fstrmepsilon.fst.ser	100644	4048e4546ddac5f5f8e5c6fa705e76560cdabeab422c49067dad96bd7b09f1fc
	lib/sphinx4-5prealpha-src/sphinx4-core/src/test/resources/edu/cmu/sphinx/fst/algorithms/shortestpath/A.fst	100644	cd351f79ccd734f772ee1f2c5d067b5704b9369237545e4983ac3ff0d2005af4
	lib/sphinx4-5prealpha-src/sphinx4-core/src/test/resources/edu/cmu/sphinx/fst/algorithms/shortestpath/A.fst.txt	100644	a51e4366893564f2c5d0028e734ed31518d376289bab42ce1e548bbf8909d53d
	lib/sphinx4-5prealpha-src/sphinx4-core/src/test/resources/edu/cmu/sphinx/fst/algorithms/shortestpath/A.input.syms	100644	a106a752c7d2252692c228263729e7f8b91df728f5215ade9d19cb04143f7e1b
	lib/sphinx4-5prealpha-src/sphinx4-core/src/test/resources/edu/cmu/sphinx/fst/algorithms/shortestpath/A.output.syms	100644	a106a752c7d2252692c228263729e7f8b91df728f5215ade9d19cb04143f7e1b
	lib/sphinx4-5prealpha-src/sphinx4-core/src/test/resources/edu/cmu/sphinx/fst/algorithms/shortestpath/nsp.fst	100644	5dd059f14ed737980e9b28fb11252bf8ec0cb8b98bb8eed4884abaa91e4d71c7
	lib/sphinx4-5prealpha-src/sphinx4-core/src/test/resources/edu/cmu/sphinx/fst/algorithms/shortestpath/nsp.fst.txt	100644	b812572f565bf1c9b35d9b01e9feab1eff92a0f635c7b6f6c2ebefbac33333d3
	lib/sphinx4-5prealpha-src/sphinx4-core/src/test/resources/edu/cmu/sphinx/fst/algorithms/shortestpath/nsp.input.syms	100644	a106a752c7d2252692c228263729e7f8b91df728f5215ade9d19cb04143f7e1b
	lib/sphinx4-5prealpha-src/sphinx4-core/src/test/resources/edu/cmu/sphinx/fst/algorithms/shortestpath/nsp.output.syms	100644	a106a752c7d2252692c228263729e7f8b91df728f5215ade9d19cb04143f7e1b
	lib/sphinx4-5prealpha-src/sphinx4-core/src/test/resources/edu/cmu/sphinx/fst/algorithms/shortestpath/nsp.states.syms	100644	8b6fd8c5784114cc412e3edfc162869b999caf8dc18c1eae63fd778bf8514c09
	lib/sphinx4-5prealpha-src/sphinx4-core/src/test/resources/edu/cmu/sphinx/fst/openfst/basic.fst	100644	1247dff525e9b170aa16188570b785a6efa530e29f612344545ae557cb517d35
	lib/sphinx4-5prealpha-src/sphinx4-core/src/test/resources/edu/cmu/sphinx/fst/openfst/basic.fst.ser	100644	04bcd003e55d1b1ca79877b1af37947da7a61435d3390b0fae37b58b5c592602
	lib/sphinx4-5prealpha-src/sphinx4-core/src/test/resources/edu/cmu/sphinx/fst/openfst/basic.fst.txt	100644	85bb4df104ba60b5df5c71013a1b584deb55a827d43a65be0358288460c3a98c
	lib/sphinx4-5prealpha-src/sphinx4-core/src/test/resources/edu/cmu/sphinx/fst/openfst/basic.input.syms	100644	661b6a4c4c136e30ecd6fa3fb301c1568f3a5cacbc466eab3e7d4a04ea25ae67
	lib/sphinx4-5prealpha-src/sphinx4-core/src/test/resources/edu/cmu/sphinx/fst/openfst/basic.output.syms	100644	969dbfad9a5782919ca3022c2e91166b1d393b0d51aaa2ebe80c63ffc347c4b5
	lib/sphinx4-5prealpha-src/sphinx4-core/src/test/resources/edu/cmu/sphinx/jsgf/test/digits.grxml	100644	02a895231a894608aede06ed488de54c37d1543077e46a24e9dcfd1817a9c8bb
	lib/sphinx4-5prealpha-src/sphinx4-core/src/test/resources/edu/cmu/sphinx/jsgf/test/input.txt	100644	a8148c51b54dd6b63b2ab0489ba08f030345f65ff4bf56c20979f92941e6fae3
	lib/sphinx4-5prealpha-src/sphinx4-core/src/test/resources/edu/cmu/sphinx/jsgf/test/jsgftest.config.xml	100644	2b3e05e13bb1e197f2dff3b2c43b6b416f974422aa5d0a8d74a6b06ab77281b7
	lib/sphinx4-5prealpha-src/sphinx4-core/src/test/resources/edu/cmu/sphinx/jsgf/test/polite.gram	100644	1cdd03db0570231245050abdc828882722588b3413cef3b278d2a7161e29cb2a
	lib/sphinx4-5prealpha-src/sphinx4-core/src/test/resources/edu/cmu/sphinx/jsgf/test/test.gram	100644	f2d4c3e9ad1bb4a52d115be0458c35d256fb1f5ed43a6c5c1669128dd2c77581
	lib/sphinx4-5prealpha-src/sphinx4-core/src/test/resources/edu/cmu/sphinx/linguist/dictionary/bad.dict	100644	111ab426c55afe95bb2ec278893ccad4cd0b80d3f3a22ffc595d7888875d08e5
	lib/sphinx4-5prealpha-src/sphinx4-core/src/test/resources/edu/cmu/sphinx/linguist/language/grammar/BatchForcedAlignerGrammarTest.utts	100644	7b0977293fc9d7a69b426a47f0ba9e4862473e9ac6d59f8cae2d57eb90ee2863
	lib/sphinx4-5prealpha-src/sphinx4-core/src/test/resources/edu/cmu/sphinx/linguist/language/grammar/FSTGrammarTest.dic	100644	f8f237721d84bb7bbd30ef3ff5087e1b6efca363edc8fcb061e115eca088859d
	lib/sphinx4-5prealpha-src/sphinx4-core/src/test/resources/edu/cmu/sphinx/linguist/language/grammar/FSTGrammarTest.gram	100644	69eaddd21fcd50ccd23b3447bf1911e31fba4b543eed5f9578ca5524ee9dac71
	lib/sphinx4-5prealpha-src/sphinx4-core/src/test/resources/edu/cmu/sphinx/linguist/language/ngram/large/100.arpa.dmp	100644	078cdeb4c4ff68b8d838bbe84ebf2699a3838a31c932221eedfd7ad43f9cf186
	lib/sphinx4-5prealpha-src/sphinx4-core/src/test/resources/edu/cmu/sphinx/linguist/language/ngram/large/100.dict	100644	a70326d472997b53d60d19c5a210de3b636b6ad1a00d9b16be20d5a57fe74dec
	lib/sphinx4-5prealpha-src/sphinx4-core/src/test/resources/edu/cmu/sphinx/linguist/language/ngram/trie/100.arpa.bin	100644	a09faeb00958189a009462f37198830c40fff32f79a37b0b6d6cc7d0be639e3b
	lib/sphinx4-5prealpha-src/sphinx4-core/src/test/resources/edu/cmu/sphinx/linguist/language/ngram/trie/100.dict	100644	a70326d472997b53d60d19c5a210de3b636b6ad1a00d9b16be20d5a57fe74dec
	lib/sphinx4-5prealpha-src/sphinx4-core/src/test/resources/edu/cmu/sphinx/result/correct.slf	100644	d8a6a9659e6afd623752b0215e607ff4b0e1871c2e0985a5beb476b282e39ae3
	lib/sphinx4-5prealpha-src/sphinx4-core/src/test/resources/edu/cmu/sphinx/result/green.wav	100644	469be7fdf5560d8afbe23f1763b17bce41fc92d2382dbb7f83b92d2701461137
	lib/sphinx4-5prealpha-src/sphinx4-core/src/test/resources/edu/cmu/sphinx/result/hellongram.trigram.lm	100644	1b6e8608407e20543b8a36fcec363e128b24a1917e0584ff00e904d52efd1e29
	lib/sphinx4-5prealpha-src/sphinx4-core/src/test/resources/edu/cmu/sphinx/tools/bandwidth/10001-90210-01803-8khz.wav	100644	c500f3f7d86779ca8cb50b8c0e4020bac1c5208aa269bbcbdb8e7307fe0df47b
	lib/sphinx4-5prealpha-src/sphinx4-core/src/test/resources/edu/cmu/sphinx/tools/bandwidth/10001-90210-01803.wav	100644	dcfea5712c43a43ba7ae8083afb39d36993e5a69c46e88b68aaa72b65cb615bb
	lib/sphinx4-5prealpha-src/sphinx4-core/src/test/resources/edu/cmu/sphinx/util/props/ConfigurationManagerTest.sxl	100644	9c5a290e2baa0d4b0be12e17ff922d4ba18789cc78167c89c1087af6a2845325
	lib/sphinx4-5prealpha-src/sphinx4-core/src/test/resources/edu/cmu/sphinx/util/props/ConfigurationManagerTest.testconfig.sxl	100644	3908ac8569f002bbb42a6634220655a81d7673ed385d4825e9daf57a1b10029c
	lib/sphinx4-5prealpha-src/sphinx4-data/build.gradle	100644	ab091ff65ebcab4ba9cb5ca06d76352ad0dfd34d9485246b64d27bbd4fd8fa2c
	lib/sphinx4-5prealpha-src/sphinx4-data/src/main/resources/edu/cmu/sphinx/models/en-us/cmudict-en-us.dict	100644	9de99dd2a24b63c653c1c30ab39388d05185cae36d0875f15c319b4ad6dc43af
	lib/sphinx4-5prealpha-src/sphinx4-data/src/main/resources/edu/cmu/sphinx/models/en-us/en-us.lm.bin	100644	db21d0642286677699e6dbc859d2e5395570222361999387ce60f6e1d01995d6
	lib/sphinx4-5prealpha-src/sphinx4-data/src/main/resources/edu/cmu/sphinx/models/en-us/en-us/README	100644	8b88de980568509c646d0527b8414beef136964391903b40996d32f737bf752e
	lib/sphinx4-5prealpha-src/sphinx4-data/src/main/resources/edu/cmu/sphinx/models/en-us/en-us/feat.params	100644	e558e0f87358aa228193c812b9c66f9013c07ed7521532c0befab34323235f4a
	lib/sphinx4-5prealpha-src/sphinx4-data/src/main/resources/edu/cmu/sphinx/models/en-us/en-us/mdef	100644	51d3b9b2fb9dffcb6d930077c6ec16e330f79bbdad5082b5b3d5847aac912705
	lib/sphinx4-5prealpha-src/sphinx4-data/src/main/resources/edu/cmu/sphinx/models/en-us/en-us/means	100644	832019e32cac12eb318964f96f469034acb12d0348eeddc3831831a100cb4dd4
	lib/sphinx4-5prealpha-src/sphinx4-data/src/main/resources/edu/cmu/sphinx/models/en-us/en-us/mixture_weights	100644	bf4ad3fdc50813b6ffbc8a06c0f3ad0fc57675f8c7da5680833a7538d1962562
	lib/sphinx4-5prealpha-src/sphinx4-data/src/main/resources/edu/cmu/sphinx/models/en-us/en-us/noisedict	100644	7295b07df2c204c4f87c6782b6be1a3859d7006d4e3864181c955d6dab105a33
	lib/sphinx4-5prealpha-src/sphinx4-data/src/main/resources/edu/cmu/sphinx/models/en-us/en-us/sendump	100644	8c9564c0d5bef69ca9d9bf1014abe162f071644cf02cf1fa8a483c3dc165a7a8
	lib/sphinx4-5prealpha-src/sphinx4-data/src/main/resources/edu/cmu/sphinx/models/en-us/en-us/transition_matrices	100644	c1f7f28ea43177be734be1f88bd7f1b9a853d0e660f8599c67c6eaeca8bb539a
	lib/sphinx4-5prealpha-src/sphinx4-data/src/main/resources/edu/cmu/sphinx/models/en-us/en-us/variances	100644	b00d696f85e96834fc10f8e5f06428d8c4db6bffdbe5845b6f69bf6efbc48fa5
	lib/sphinx4-5prealpha-src/sphinx4-samples/build.gradle	100644	6d27c56f8a0b2535b7b18ff3904eeb79a60a248e33543a8d5c05da88e4069fb2
	lib/sphinx4-5prealpha-src/sphinx4-samples/src/main/java/edu/cmu/sphinx/demo/DemoRunner.java	100644	0ee774bead269b55b0c7d8a3d35a6efdbff711749801dd0734bbaba4827b86f2
	lib/sphinx4-5prealpha-src/sphinx4-samples/src/main/java/edu/cmu/sphinx/demo/aligner/AlignerDemo.java	100644	f00c9631815f4f72d24924e80aa75ead4b8fb1f5ac366702f6723dc58d54d568
	lib/sphinx4-5prealpha-src/sphinx4-samples/src/main/java/edu/cmu/sphinx/demo/allphone/AllphoneDemo.java	100644	13616282eddf4f4997f0a9799a541b16ca4550c82031bf0ca02d56f30677e737
	lib/sphinx4-5prealpha-src/sphinx4-samples/src/main/java/edu/cmu/sphinx/demo/dialog/DialogDemo.java	100644	7408c505a1137e55e4f033d811992fc6a3211c3c67bc150f1feb802962a11b2d
	lib/sphinx4-5prealpha-src/sphinx4-samples/src/main/java/edu/cmu/sphinx/demo/speakerid/SpeakerIdentificationDemo.java	100644	b5e44ae98e883c5a49737d59ae54a554ccea61c46c126d5180d015a02047e1c7
	lib/sphinx4-5prealpha-src/sphinx4-samples/src/main/java/edu/cmu/sphinx/demo/transcriber/TranscriberDemo.java	100644	7a9885584beee9fb2e6d8ee382574417ce42b1958d0831fd66b721db47682234
	lib/sphinx4-5prealpha-src/sphinx4-samples/src/main/resources/edu/cmu/sphinx/demo/aligner/10001-90210-01803.wav	100644	dcfea5712c43a43ba7ae8083afb39d36993e5a69c46e88b68aaa72b65cb615bb
	lib/sphinx4-5prealpha-src/sphinx4-samples/src/main/resources/edu/cmu/sphinx/demo/aligner/README.html	100644	aa17a06804dc5ab93c054091e3bce522d1fe376292f5edd1961ff65886500764
	lib/sphinx4-5prealpha-src/sphinx4-samples/src/main/resources/edu/cmu/sphinx/demo/dialog/dialog.gram	100644	dcf5c2333b8ec01fb84b39356d235ef487f10bda50cd45b49c330033f664f13d
	lib/sphinx4-5prealpha-src/sphinx4-samples/src/main/resources/edu/cmu/sphinx/demo/dialog/digits.grxml	100644	02a895231a894608aede06ed488de54c37d1543077e46a24e9dcfd1817a9c8bb
	lib/sphinx4-5prealpha-src/sphinx4-samples/src/main/resources/edu/cmu/sphinx/demo/dialog/weather.lm	100644	b8cba3dd8bf24f45be521ae3704c4f2445e4db5e1d82a85ee18114ed022f449b
	lib/sphinx4-5prealpha-src/sphinx4-samples/src/main/resources/edu/cmu/sphinx/demo/dialog/weather.samples	100644	4ab059bc84521bef2d2b6cc6c50685b698e4fc962d2be9c878d738647b8bbf97
	lib/sphinx4-5prealpha-src/sphinx4-samples/src/main/resources/edu/cmu/sphinx/demo/speakerid/test.wav	100644	48a49897f53098be1c19fcfb35b5df027e3b4228018dc05899db257cdf476335
	lib/sphinx4-5prealpha-src/sphinx4-samples/src/main/resources/edu/cmu/sphinx/demo/transcriber/README.html	100644	8116196becf72cfd0e12fa61270afeb897600de8487739978b2d567cffb6b336
	lib/sphinx4-5prealpha-src/tests/performance/an4/an4.config.xml	100644	f53eef56ae5b469efef69cd24fce64b78604ed782d6ca50ea2d970ecc088f885
	lib/sphinx4-5prealpha-src/tests/performance/an4/an4_full.batch	100644	2517327267797f1121bb19360a77545d2b132d93fd3d938620c4a0bcfb155783
	lib/sphinx4-5prealpha-src/tests/performance/an4/an4_full.bigram.fst	100644	cf7ca58d3c962343f7f09eb523228f25d09effc49c59f20dcdc2281aa53f80af
	lib/sphinx4-5prealpha-src/tests/performance/an4/an4_full.bigram.lm	100644	a845e54c2472d145d79ace2122a8995c277c084e027d97277ea07d54031f8fe0
	lib/sphinx4-5prealpha-src/tests/performance/an4/an4_full.flat_unigram.fst	100644	853c2b64fdaa9556c07f59d8656f109f909609097fea4bbcc22022222db09a0e
	lib/sphinx4-5prealpha-src/tests/performance/an4/an4_full.flat_unigram.lm	100644	0ddc4b5d85093e18153580d279e7a14e1b52664a9fdab6434f3788cf0ac7b07f
	lib/sphinx4-5prealpha-src/tests/performance/an4/an4_full.trigram.fst	100644	2c58777ad85a99134ab5f230933941bb00ea025a1f035094efa9cb27c18e85fc
	lib/sphinx4-5prealpha-src/tests/performance/an4/an4_full.trigram.lm	100644	b9bd4c19d84c1994343654c69857f6158a4a0320efaa2064d5c251bb546070d8
	lib/sphinx4-5prealpha-src/tests/performance/an4/an4_full.unigram.fst	100644	55e211c52a19a5e9bbf63be219ce4a60923923eff7f7ab7739c3e556356e092d
	lib/sphinx4-5prealpha-src/tests/performance/an4/an4_full.unigram.lm	100644	3252388e39ec7dca7b0d796b7954221ecc67dfc88209af77c3e18ce880b8b8bb
	lib/sphinx4-5prealpha-src/tests/performance/an4/an4_full.wordlist	100644	b31f99c123e8c4017fb6e34af0d065b4279d8299ad64397b799d9e6264290d88
	lib/sphinx4-5prealpha-src/tests/performance/an4/an4_plus.trigram.fst	100644	8c1e49ae57ddd48201ded467b84fb95e43d3ba2c01158c750c2c92b13509c4dc
	lib/sphinx4-5prealpha-src/tests/performance/an4/an4_plus.trigram.lm	100644	d56d2ccbebc6097c67f135952611d806b866e63223334cc0e9ea45331cf3ee91
	lib/sphinx4-5prealpha-src/tests/performance/an4/an4_plus.wordlist	100644	d5e5fe19c3b44ec90a2d8b7c893ff571a61c092f79934f009e2cecf7f2c73e5d
	lib/sphinx4-5prealpha-src/tests/performance/an4/an4_short_words.list	100644	ab24bb25bd0259cf66e3883133b43ff130bd71892b3b12a3cfe98d5e72bd1e9b
	lib/sphinx4-5prealpha-src/tests/performance/an4/an4_spelled_out.wordlist	100644	dca3910931fa49959aec8dc64a49f6003119ba000891587e2bb69bd4fc1a3468
	lib/sphinx4-5prealpha-src/tests/performance/an4/an4_spelling.alphalist	100644	e4e76ed00d9b1701fb1a0eb648450ce9037d94893a880ac9d02765dbb531dc9b
	lib/sphinx4-5prealpha-src/tests/performance/an4/an4_spelling.batch	100644	5375cd4418f89c72b960470c4276a5e3fd13cbea8a0a1aee7337797ca7eeace3
	lib/sphinx4-5prealpha-src/tests/performance/an4/an4_spelling.bigram.fst	100644	c2ef59768c274e5b98e98a87d992e5aa2c8a186f0cff883564f6a715ccea5e84
	lib/sphinx4-5prealpha-src/tests/performance/an4/an4_spelling.bigram.lm	100644	03b0343c2be9f0017d6cbaad3a43380ea1375d45df3d6f8441a0259f408716a6
	lib/sphinx4-5prealpha-src/tests/performance/an4/an4_spelling.flat_unigram.fst	100644	ec23f713d2fa4b0ba541a7036e23d1ae2d56d9cc18105f4f79031776e5564032
	lib/sphinx4-5prealpha-src/tests/performance/an4/an4_spelling.flat_unigram.lm	100644	749676cfe8edaf0e4744aa35fce4de497819b27fc4dfa01157134e11f1a2e8a7
	lib/sphinx4-5prealpha-src/tests/performance/an4/an4_spelling.trigram.fst	100644	3b32948a4049721eaf0ce39cb1bd4f9b98485ee41769e242b45dcc9991a4ea64
	lib/sphinx4-5prealpha-src/tests/performance/an4/an4_spelling.trigram.lm	100644	a3dcce8db40a180c73917dc9686fa0203d960f018d0e825830c47a08f5714e89
	lib/sphinx4-5prealpha-src/tests/performance/an4/an4_spelling.unigram.fst	100644	adab49eedc83cc9030362031d9f268ab3db02e51a56080833977c9eecb432d18
	lib/sphinx4-5prealpha-src/tests/performance/an4/an4_spelling.unigram.lm	100644	b58cbb7798f804279fe61d3a0dfeb24fed8b2344e526ece7846d7c68deea6adb
	lib/sphinx4-5prealpha-src/tests/performance/an4/an4_spelling.wordlist	100644	e2675e968ab5c9e5b16c816e41f4a294e3880ef8122ed5207218658c64716ede
	lib/sphinx4-5prealpha-src/tests/performance/an4/an4_spelling_journey.trigram.fst	100644	b9db461f2d2599be3a95e0d4387e389f4aa87ba8ae1a779ae98c726116c8982d
	lib/sphinx4-5prealpha-src/tests/performance/an4/an4_spelling_journey.trigram.lm	100644	a976698f16a21fdeb141da1579b6c281d78b924eec8aa5629987c3cf8814a6ba
	lib/sphinx4-5prealpha-src/tests/performance/an4/an4_words.batch	100644	c07ea68c48747ddcf839649b8a03de206b61929d723f2820519af6eb6fa16ec3
	lib/sphinx4-5prealpha-src/tests/performance/an4/an4_words.bigram.fst	100644	627dcd311c2cb39dc6d6c06dea2c4d93f73bae0aae2aaccc8a2bebaeb49e219d
	lib/sphinx4-5prealpha-src/tests/performance/an4/an4_words.bigram.fst.prunedloops	100644	b1d8cd2be3fcec03f757c6d7ce52ce5d03c457ab8ac374394768954b5d75abac
	lib/sphinx4-5prealpha-src/tests/performance/an4/an4_words.bigram.lm	100644	992a8e18312c5e865b8095de3916299542105764fae788867a2764546da8838e
	lib/sphinx4-5prealpha-src/tests/performance/an4/an4_words.flat_unigram.fst	100644	6c9031d9fed5e8b2ee320bf65b770c7e12442251340bd1ec042e18db8fc6d953
	lib/sphinx4-5prealpha-src/tests/performance/an4/an4_words.flat_unigram.lm	100644	aca2b0ce20f16386ed762b91b226881d95bf1790194cca59a403c63278d86d97
	lib/sphinx4-5prealpha-src/tests/performance/an4/an4_words.trigram.fst	100644	26b639304e4f61b0af449bf9527963138f5923a739c7f88566a7b2403381213b
	lib/sphinx4-5prealpha-src/tests/performance/an4/an4_words.trigram.lm	100644	05b9251f52dab27dfde1707b064a34e4dca8dab5842f93b4b441f87defc87553
	lib/sphinx4-5prealpha-src/tests/performance/an4/an4_words.unigram.fst	100644	6403e07a4ed5d26824fd46494f05d0846bbca314f0d81ed5d76d6fc57a9c9abf
	lib/sphinx4-5prealpha-src/tests/performance/an4/an4_words.unigram.lm	100644	8e9902bd387a65cc5ae9dc2697876fd3a1cbf833952d720e474d625d3a583b88
	lib/sphinx4-5prealpha-src/tests/performance/an4/an4_words.wordlist	100644	553b706b22747c8c458905ca8d2ed4f03c1026d4d0eb3d46f325c14a4e1369f2
	lib/sphinx4-5prealpha-src/tests/performance/an4/an4_words_rejection.batch	100644	da55cf91e7808b992a612fdad62b0ad2a6683817c848d3d61f55c40a779afc72
	lib/sphinx4-5prealpha-src/tests/performance/an4/an4_words_trigram.config.xml	100644	4c71b440c4398d93ec8350043d6a440cbc5769cf303cb128bb15f374cf821f4d
	lib/sphinx4-5prealpha-src/tests/performance/an4/build.xml	100644	4df8a833384e5c334ecb394bb2fa62ba1fde5cdf32d2fa2013ee9c4f3a16e39c
	lib/sphinx4-5prealpha-src/tests/performance/an4/run_an4_tests	100644	03dc90096bdca423dde1c32304130d719e00096cf4d07c72b910134938cd8ce5
	lib/sphinx4-5prealpha-src/tests/performance/voxforge_en/build.xml	100644	611058aa1213209295ccb1bd19bc260d3969e699a27748595428272670052395
	lib/sphinx4-5prealpha-src/tests/performance/voxforge_en/voxforge.config.xml	100644	1f57b93b6e9cabbec174d890e2aad6db2a947885170be5200a9d57db69cf43ec
	lib/sphinx4-5prealpha-src/tests/performance/voxforge_en/voxforge_en_test.batch	100644	8b612c2dd47a63705c640ed088ccef2dffd7bb97a8cc4846262ec506864fd6f3
	lib/sphinx4-5prealpha-src/tests/trainer/build.xml	100644	55c581fb99bef4ac8ea99ffe01a83531cc0a16749d560294526c047790073b45
	lib/sphinx4-5prealpha-src/tests/trainer/phonelist	100644	f23f7077fbb1cb50db1d40f7263d2e8dd8816fd1ff8454b8a06f49af82bcc2c1
	lib/sphinx4-5prealpha-src/tests/trainer/trainer.xml	100644	7166baa486e10e2995d1938d3947b0b1432c498813700211d0a41aec6ab5cd48
	lib/sphinx4-core-5prealpha-SNAPSHOT.jar	100644	69ac5923c78c613054f7d66e43aaa00e4ec509691dd0e0dcc483745496f221ac
	lib/sphinx4-data-5prealpha-SNAPSHOT.jar	100644	fc4c3b2e86b8bb7fa4fa0e8b09f52adb32fa9deaaaf648c7c55e694ef1dce123
	lib/sphinx4-samples-5prealpha-SNAPSHOT.jar	100644	3440c60051ef8c13cce618cd42486a11821efe4d3c8ad1343588e3f450e81d53
	lib/voices.txt	100644	aa893bac3a18a733863f56544359da388929a601a001c762a7a37a936b01bb07
	openjfx-24.0.2_windows-x64_bin-sdk.zip	100644	479a7f88c66115c5b522dc64c77171effd896e1f236cb7c4675158b463f2833f
	pom.xml	100644	1a77f246baffd7cdc07e615e2fac31a251278739a5864b1773e823f6bd708a83
	src/main/java/com/jarvis/jarvisapk/ApiClient.java	100644	8183d9cb96f1545e57e23a770afc949e988dbcfc723f746d261354a916fa8fa5
	src/main/java/com/jarvis/jarvisapk/ChatHistoryDAO.java	100644	2576f2babbc22d3791eddfbbbc0494e72c279a8e304d72a6b374062c45d53c71
	src/main/java/com/jarvis/jarvisapk/Controller.java	100644	3136fddb38bd1640485a449636b4536c30d6f1a5ec21052e82a93b9b463d913c
	src/main/java/com/jarvis/jarvisapk/DocumentReaderService.java	100644	4e0c0d085b17553b74910ea781fef7816e62e184cbaf5cabfaa916088b2fe3c1
	src/main/java/com/jarvis/jarvisapk/JarvisSettings.java	100644	8d2f310c8131ff9d62b6015e3c77749ffdd63da257762195aae7297b3192a816
	src/main/java/com/jarvis/jarvisapk/MainApp.java	100644	e444fdb38f74b592e79193f02b7f3be030c7907f7486c1d2b80777c1bf1ffee6
	src/main/java/com/jarvis/jarvisapk/MultiLanguageTestOrchestrator.java	100644	79427754bcc4cc7445840905f26b92cafc64f253f9ab8fad5f9d9ecd57ad45f7
	src/main/java/com/jarvis/jarvisapk/PythonVisionExecutor.java	100644	74b614b3e985da375ee1e60eed2163a7b069c59dd755b2cf019bffffee1f23ce
	src/main/java/com/jarvis/jarvisapk/SpeechRecognizer.java	100644	6a71d89e5fe585a3025f9e4cc96f2a499d329dbe08e8f7eeaae9e20017d83007
	src/main/java/com/jarvis/jarvisapk/TextToSpeech.java	100644	787c1e467ae7dec1f44c0043b57f210694bfe0772068d3f14e78efff868e677f
	src/main/java/com/jarvis/jarvisapk/WorkspaceProjectCatalog.java	100644	a9806551a87232eb94870ea619ce816033dceefd219ebee2db57c731f871df48
	src/main/resources/application.yaml	100644	b59d37e533a3b34ab329f052b04ba4b4821874e0dd0fc9114108441dfc8c2ecd
	src/main/resources/automation.yaml	100644	5c366cc009ae4a388c1f4d10d1d3263b4db92d3fd3fbdb8333c39e27cbe15a96
	src/main/resources/com/jarvis/jarvisapk/jarvis.css	100644	5bf43cac71a32ad0f39106b9be958e6e32c2061782b544387c3cb07ea40980b2
	src/main/resources/com/jarvis/jarvisapk/ui.fxml	100644	5002a76902ea0fd2c379be84ad27ea67dd32e5e81a88e34c8e45a6ec64f46fac
	src/main/resources/edu/cmu/sphinx/models/en-us/cmudict-en-us.dict	100644	9de99dd2a24b63c653c1c30ab39388d05185cae36d0875f15c319b4ad6dc43af
	src/main/resources/edu/cmu/sphinx/models/en-us/en-us.lm.bin	100644	db21d0642286677699e6dbc859d2e5395570222361999387ce60f6e1d01995d6
	src/main/resources/edu/cmu/sphinx/models/en-us/en-us/README	100644	8b88de980568509c646d0527b8414beef136964391903b40996d32f737bf752e
	src/main/resources/edu/cmu/sphinx/models/en-us/en-us/feat.params	100644	e558e0f87358aa228193c812b9c66f9013c07ed7521532c0befab34323235f4a
	src/main/resources/edu/cmu/sphinx/models/en-us/en-us/mdef	100644	51d3b9b2fb9dffcb6d930077c6ec16e330f79bbdad5082b5b3d5847aac912705
	src/main/resources/edu/cmu/sphinx/models/en-us/en-us/means	100644	832019e32cac12eb318964f96f469034acb12d0348eeddc3831831a100cb4dd4
	src/main/resources/edu/cmu/sphinx/models/en-us/en-us/mixture_weights	100644	bf4ad3fdc50813b6ffbc8a06c0f3ad0fc57675f8c7da5680833a7538d1962562
	src/main/resources/edu/cmu/sphinx/models/en-us/en-us/noisedict	100644	7295b07df2c204c4f87c6782b6be1a3859d7006d4e3864181c955d6dab105a33
	src/main/resources/edu/cmu/sphinx/models/en-us/en-us/sendump	100644	8c9564c0d5bef69ca9d9bf1014abe162f071644cf02cf1fa8a483c3dc165a7a8
	src/main/resources/edu/cmu/sphinx/models/en-us/en-us/transition_matrices	100644	c1f7f28ea43177be734be1f88bd7f1b9a853d0e660f8599c67c6eaeca8bb539a
	src/main/resources/edu/cmu/sphinx/models/en-us/en-us/variances	100644	b00d696f85e96834fc10f8e5f06428d8c4db6bffdbe5845b6f69bf6efbc48fa5
	src/test/java/com/jarvis/jarvisapk/AppTest.java	100644	8c66b2634629127cd0197a1db42b0545ddfdc8af2fc98def58d33db4a2cdb31c
	src/test/java/com/jarvis/jarvisapk/JarvisServicesTest.java	100644	344e934f894392f2e7446b483de08cf6c31e69b534e46bc184f2146d4a00986a
	src/test/java/com/jarvis/jarvisapk/MultiLanguageTestOrchestratorTest.java	100644	cb73cbf1a59bb6bdef5b6e56f25335dcf7a7cc8843fc1f6b29b2e87b5efcdd17
	tools/javascript/package-lock.json	100644	e918ae50438609ec8ab4ba5878b682cf53dc20c6b0b848be86a847ae43e01185
	tools/javascript/package.json	100644	252aeaf929fc337a610f09ea6255c95b2edfd49c40b0b8b45fd71d946ea52f10
	tools/javascript/playwright.config.mjs	100644	70a89f99c621dc582d7dfcce01356a0f62f3af353ef09c160a517368b57dca21
	tools/javascript/src/jarvis-api-client.mjs	100644	d99e6c7c87e48b333ea3ed948b18eb06d612b2cf9d210c8cf1d1db8f2f1d933c
	tools/javascript/test-results/.last-run.json	100644	91d1c43004802cd49950d78eb11c8fa7d05da8ffffe219a8b13b2f561bc00903
	tools/javascript/test/api-client.test.mjs	100644	4448efc7272dcb3cfc04c76224f1f73d5a50eee063934d8210becd576927050b
	tools/javascript/test/e2e/health.spec.mjs	100644	a5342a1ed5d8aff6dadc7e601297fb9f6bac759e3a64eed9d3e846d358bf0ec5
	tools/python/__pycache__/vision_ocr.cpython-313.pyc	100644	1bc853410662c8639f6d4db69fe52e0e1eeeba01697c87dc82accb9c4d8fdea0
	tools/python/requirements.txt	100644	c06f9472a54ab1b1ffa64be2362f82fe187f648db59d67f0e7dc544329284bd9
	tools/python/tests/__pycache__/test_vision_ocr.cpython-313.pyc	100644	ecbc32760633977cd20f496879db73bbc47ae0ee611f8cbe6e1a51a307618fd1
	tools/python/tests/test_vision_ocr.py	100644	5f976ad25f3db38e28bf605eabead69a208742153845b1948b025752b1ff91c8
	tools/python/vision_ocr.py	100644	1f4f5789f6053774f6902f0c9cb8684fa0eff4c2d911c24c3d3e487a7a4fc9e3
	workspace-projects.yaml	100644	6f21bd4354c8a2618f7db2eec94e935e04cd18251590ebcd20aa3fe2a1d6bef4
